r,N
0.0001,4.11715e-08
0.000100231,4.13632e-08
0.000100462,4.15557e-08
0.000100693,4.17492e-08
0.000100925,4.19435e-08
0.000101158,4.21388e-08
0.000101391,4.23349e-08
0.000101625,4.2532e-08
0.00010186,4.273e-08
0.000102094,4.29289e-08
0.00010233,4.31287e-08
0.000102566,4.33295e-08
0.000102802,4.35311e-08
0.000103039,4.37338e-08
0.000103277,4.39373e-08
0.000103515,4.41419e-08
0.000103754,4.43473e-08
0.000103993,4.45537e-08
0.000104233,4.47611e-08
0.000104473,4.49695e-08
0.000104714,4.51788e-08
0.000104955,4.5389e-08
0.000105197,4.56003e-08
0.00010544,4.58125e-08
0.000105683,4.60258e-08
0.000105927,4.624e-08
0.000106171,4.64552e-08
0.000106416,4.66714e-08
0.000106661,4.68886e-08
0.000106907,4.71068e-08
0.000107153,4.7326e-08
0.0001074,4.75463e-08
0.000107648,4.77676e-08
0.000107896,4.79899e-08
0.000108145,4.82132e-08
0.000108394,4.84376e-08
0.000108644,4.8663e-08
0.000108895,4.88895e-08
0.000109146,4.9117e-08
0.000109398,4.93455e-08
0.00010965,4.95752e-08
0.000109903,4.98059e-08
0.000110156,5.00376e-08
0.00011041,5.02705e-08
0.000110665,5.05044e-08
0.00011092,5.07394e-08
0.000111176,5.09755e-08
0.000111432,5.12127e-08
0.000111689,5.1451e-08
0.000111946,5.16904e-08
0.000112204,5.19309e-08
0.000112463,5.21726e-08
0.000112722,5.24153e-08
0.000112982,5.26592e-08
0.000113243,5.29042e-08
0.000113504,5.31504e-08
0.000113766,5.33977e-08
0.000114028,5.36461e-08
0.000114291,5.38957e-08
0.000114554,5.41465e-08
0.000114819,5.43984e-08
0.000115083,5.46515e-08
0.000115349,5.49058e-08
0.000115615,5.51612e-08
0.000115881,5.54178e-08
0.000116148,5.56757e-08
0.000116416,5.59347e-08
0.000116685,5.61949e-08
0.000116954,5.64563e-08
0.000117223,5.6719e-08
0.000117494,5.69829e-08
0.000117764,5.72479e-08
0.000118036,5.75143e-08
0.000118308,5.77818e-08
0.000118581,5.80506e-08
0.000118854,5.83207e-08
0.000119128,5.8592e-08
0.000119403,5.88645e-08
0.000119678,5.91383e-08
0.000119954,5.94134e-08
0.000120231,5.96898e-08
0.000120508,5.99675e-08
0.000120786,6.02464e-08
0.000121064,6.05266e-08
0.000121344,6.08082e-08
0.000121623,6.1091e-08
0.000121904,6.13752e-08
0.000122185,6.16606e-08
0.000122467,6.19474e-08
0.000122749,6.22356e-08
0.000123032,6.2525e-08
0.000123316,6.28159e-08
0.0001236,6.3108e-08
0.000123885,6.34015e-08
0.000124171,6.36964e-08
0.000124457,6.39927e-08
0.000124744,6.42903e-08
0.000125031,6.45893e-08
0.00012532,6.48897e-08
0.000125609,6.51915e-08
0.000125898,6.54946e-08
0.000126189,6.57992e-08
0.00012648,6.61052e-08
0.000126771,6.64127e-08
0.000127063,6.67215e-08
0.000127356,6.70318e-08
0.00012765,6.73435e-08
0.000127944,6.76567e-08
0.000128239,6.79713e-08
0.000128535,6.82874e-08
0.000128831,6.86049e-08
0.000129129,6.8924e-08
0.000129426,6.92445e-08
0.000129725,6.95665e-08
0.000130024,6.98899e-08
0.000130324,7.02149e-08
0.000130624,7.05414e-08
0.000130925,7.08694e-08
0.000131227,7.1199e-08
0.00013153,7.153e-08
0.000131833,7.18626e-08
0.000132137,7.21967e-08
0.000132442,7.25324e-08
0.000132747,7.28697e-08
0.000133053,7.32085e-08
0.00013336,7.35489e-08
0.000133667,7.38908e-08
0.000133976,7.42344e-08
0.000134284,7.45795e-08
0.000134594,7.49262e-08
0.000134904,7.52746e-08
0.000135215,7.56245e-08
0.000135527,7.59761e-08
0.00013584,7.63294e-08
0.000136153,7.66842e-08
0.000136467,7.70407e-08
0.000136781,7.73989e-08
0.000137097,7.77587e-08
0.000137413,7.81202e-08
0.00013773,7.84833e-08
0.000138047,7.88482e-08
0.000138366,7.92147e-08
0.000138685,7.95829e-08
0.000139004,7.99529e-08
0.000139325,8.03245e-08
0.000139646,8.06979e-08
0.000139968,8.1073e-08
0.000140291,8.14499e-08
0.000140614,8.18285e-08
0.000140939,8.22089e-08
0.000141264,8.2591e-08
0.000141589,8.29749e-08
0.000141916,8.33605e-08
0.000142243,8.3748e-08
0.000142571,8.41373e-08
0.0001429,8.45283e-08
0.000143229,8.49212e-08
0.000143559,8.53159e-08
0.00014389,8.57124e-08
0.000144222,8.61108e-08
0.000144555,8.6511e-08
0.000144888,8.69131e-08
0.000145222,8.7317e-08
0.000145557,8.77228e-08
0.000145892,8.81305e-08
0.000146229,8.85401e-08
0.000146566,8.89516e-08
0.000146904,8.9365e-08
0.000147243,8.97803e-08
0.000147582,9.01975e-08
0.000147922,9.06166e-08
0.000148263,9.10378e-08
0.000148605,9.14608e-08
0.000148948,9.18858e-08
0.000149291,9.23128e-08
0.000149636,9.27418e-08
0.000149981,9.31727e-08
0.000150326,9.36057e-08
0.000150673,9.40406e-08
0.00015102,9.44776e-08
0.000151369,9.49166e-08
0.000151718,9.53577e-08
0.000152068,9.58007e-08
0.000152418,9.62459e-08
0.00015277,9.66931e-08
0.000153122,9.71423e-08
0.000153475,9.75937e-08
0.000153829,9.80471e-08
0.000154183,9.85027e-08
0.000154539,9.89603e-08
0.000154895,9.94201e-08
0.000155252,9.9882e-08
0.00015561,1.00346e-07
0.000155969,1.00812e-07
0.000156329,1.01281e-07
0.000156689,1.01751e-07
0.00015705,1.02224e-07
0.000157413,1.02699e-07
0.000157776,1.03176e-07
0.000158139,1.03655e-07
0.000158504,1.04137e-07
0.000158869,1.04621e-07
0.000159236,1.05107e-07
0.000159603,1.05595e-07
0.000159971,1.06085e-07
0.00016034,1.06578e-07
0.000160709,1.07073e-07
0.00016108,1.07571e-07
0.000161451,1.0807e-07
0.000161824,1.08572e-07
0.000162197,1.09077e-07
0.000162571,1.09583e-07
0.000162946,1.10092e-07
0.000163321,1.10604e-07
0.000163698,1.11117e-07
0.000164075,1.11633e-07
0.000164454,1.12152e-07
0.000164833,1.12673e-07
0.000165213,1.13196e-07
0.000165594,1.13722e-07
0.000165976,1.1425e-07
0.000166358,1.14781e-07
0.000166742,1.15314e-07
0.000167126,1.15849e-07
0.000167512,1.16387e-07
0.000167898,1.16928e-07
0.000168285,1.17471e-07
0.000168673,1.18016e-07
0.000169062,1.18565e-07
0.000169452,1.19115e-07
0.000169842,1.19668e-07
0.000170234,1.20224e-07
0.000170626,1.20782e-07
0.00017102,1.21343e-07
0.000171414,1.21907e-07
0.000171809,1.22473e-07
0.000172206,1.23041e-07
0.000172603,1.23613e-07
0.000173001,1.24187e-07
0.000173399,1.24763e-07
0.000173799,1.25343e-07
0.0001742,1.25925e-07
0.000174602,1.26509e-07
0.000175004,1.27097e-07
0.000175408,1.27687e-07
0.000175812,1.2828e-07
0.000176218,1.28875e-07
0.000176624,1.29474e-07
0.000177031,1.30075e-07
0.000177439,1.30679e-07
0.000177848,1.31286e-07
0.000178258,1.31895e-07
0.000178669,1.32507e-07
0.000179081,1.33123e-07
0.000179494,1.33741e-07
0.000179908,1.34362e-07
0.000180323,1.34985e-07
0.000180739,1.35612e-07
0.000181156,1.36242e-07
0.000181573,1.36874e-07
0.000181992,1.37509e-07
0.000182411,1.38148e-07
0.000182832,1.38789e-07
0.000183254,1.39433e-07
0.000183676,1.40081e-07
0.0001841,1.40731e-07
0.000184524,1.41384e-07
0.00018495,1.4204e-07
0.000185376,1.427e-07
0.000185803,1.43362e-07
0.000186232,1.44027e-07
0.000186661,1.44696e-07
0.000187092,1.45368e-07
0.000187523,1.46042e-07
0.000187955,1.4672e-07
0.000188389,1.47401e-07
0.000188823,1.48085e-07
0.000189259,1.48773e-07
0.000189695,1.49463e-07
0.000190132,1.50157e-07
0.000190571,1.50854e-07
0.00019101,1.51554e-07
0.00019145,1.52257e-07
0.000191892,1.52964e-07
0.000192334,1.53674e-07
0.000192778,1.54387e-07
0.000193222,1.55103e-07
0.000193668,1.55823e-07
0.000194114,1.56546e-07
0.000194562,1.57273e-07
0.000195011,1.58002e-07
0.00019546,1.58736e-07
0.000195911,1.59472e-07
0.000196363,1.60212e-07
0.000196815,1.60956e-07
0.000197269,1.61702e-07
0.000197724,1.62453e-07
0.00019818,1.63207e-07
0.000198637,1.63964e-07
0.000199095,1.64725e-07
0.000199554,1.65489e-07
0.000200014,1.66257e-07
0.000200475,1.67028e-07
0.000200937,1.67803e-07
0.000201401,1.68582e-07
0.000201865,1.69364e-07
0.00020233,1.7015e-07
0.000202797,1.70939e-07
0.000203265,1.71732e-07
0.000203733,1.72529e-07
0.000204203,1.73329e-07
0.000204674,1.74133e-07
0.000205146,1.74941e-07
0.000205619,1.75753e-07
0.000206093,1.76568e-07
0.000206568,1.77387e-07
0.000207044,1.7821e-07
0.000207522,1.79037e-07
0.000208,1.79867e-07
0.00020848,1.80701e-07
0.00020896,1.8154e-07
0.000209442,1.82382e-07
0.000209925,1.83228e-07
0.000210409,1.84078e-07
0.000210894,1.84931e-07
0.000211381,1.85789e-07
0.000211868,1.86651e-07
0.000212356,1.87517e-07
0.000212846,1.88386e-07
0.000213337,1.8926e-07
0.000213829,1.90138e-07
0.000214322,1.9102e-07
0.000214816,1.91906e-07
0.000215311,1.92796e-07
0.000215808,1.9369e-07
0.000216305,1.94588e-07
0.000216804,1.95491e-07
0.000217304,1.96397e-07
0.000217805,1.97308e-07
0.000218307,1.98223e-07
0.00021881,1.99142e-07
0.000219315,2.00066e-07
0.000219821,2.00994e-07
0.000220327,2.01926e-07
0.000220835,2.02862e-07
0.000221345,2.03803e-07
0.000221855,2.04748e-07
0.000222367,2.05697e-07
0.000222879,2.06651e-07
0.000223393,2.07609e-07
0.000223908,2.08572e-07
0.000224424,2.09539e-07
0.000224942,2.10511e-07
0.000225461,2.11487e-07
0.00022598,2.12467e-07
0.000226501,2.13452e-07
0.000227024,2.14442e-07
0.000227547,2.15436e-07
0.000228072,2.16435e-07
0.000228598,2.17438e-07
0.000229125,2.18447e-07
0.000229653,2.19459e-07
0.000230183,2.20477e-07
0.000230713,2.21499e-07
0.000231245,2.22526e-07
0.000231778,2.23557e-07
0.000232313,2.24594e-07
0.000232848,2.25635e-07
0.000233385,2.26681e-07
0.000233923,2.27732e-07
0.000234463,2.28787e-07
0.000235003,2.29848e-07
0.000235545,2.30913e-07
0.000236088,2.31984e-07
0.000236633,2.33059e-07
0.000237178,2.34139e-07
0.000237725,2.35224e-07
0.000238273,2.36315e-07
0.000238823,2.3741e-07
0.000239373,2.3851e-07
0.000239925,2.39616e-07
0.000240478,2.40726e-07
0.000241033,2.41842e-07
0.000241589,2.42963e-07
0.000242146,2.44089e-07
0.000242704,2.4522e-07
0.000243264,2.46357e-07
0.000243825,2.47499e-07
0.000244387,2.48646e-07
0.00024495,2.49798e-07
0.000245515,2.50955e-07
0.000246081,2.52118e-07
0.000246648,2.53287e-07
0.000247217,2.54461e-07
0.000247787,2.5564e-07
0.000248358,2.56824e-07
0.000248931,2.58014e-07
0.000249505,2.5921e-07
0.00025008,2.60411e-07
0.000250657,2.61618e-07
0.000251235,2.6283e-07
0.000251814,2.64048e-07
0.000252395,2.65271e-07
0.000252977,2.665e-07
0.00025356,2.67735e-07
0.000254145,2.68976e-07
0.000254731,2.70222e-07
0.000255318,2.71474e-07
0.000255907,2.72732e-07
0.000256497,2.73995e-07
0.000257088,2.75264e-07
0.000257681,2.7654e-07
0.000258275,2.77821e-07
0.000258871,2.79108e-07
0.000259467,2.80401e-07
0.000260066,2.817e-07
0.000260665,2.83005e-07
0.000261266,2.84316e-07
0.000261869,2.85633e-07
0.000262473,2.86956e-07
0.000263078,2.88285e-07
0.000263684,2.89621e-07
0.000264292,2.90962e-07
0.000264902,2.9231e-07
0.000265512,2.93664e-07
0.000266125,2.95024e-07
0.000266738,2.96391e-07
0.000267353,2.97764e-07
0.00026797,2.99143e-07
0.000268588,3.00528e-07
0.000269207,3.0192e-07
0.000269828,3.03318e-07
0.00027045,3.04723e-07
0.000271073,3.06135e-07
0.000271698,3.07552e-07
0.000272325,3.08977e-07
0.000272953,3.10408e-07
0.000273582,3.11845e-07
0.000274213,3.13289e-07
0.000274845,3.1474e-07
0.000275479,3.16198e-07
0.000276114,3.17662e-07
0.000276751,3.19133e-07
0.000277389,3.20611e-07
0.000278028,3.22095e-07
0.000278669,3.23587e-07
0.000279312,3.25085e-07
0.000279956,3.2659e-07
0.000280601,3.28103e-07
0.000281248,3.29622e-07
0.000281897,3.31148e-07
0.000282547,3.32681e-07
0.000283198,3.34222e-07
0.000283851,3.35769e-07
0.000284506,3.37324e-07
0.000285162,3.38885e-07
0.000285819,3.40454e-07
0.000286478,3.4203e-07
0.000287139,3.43614e-07
0.000287801,3.45205e-07
0.000288464,3.46803e-07
0.000289129,3.48408e-07
0.000289796,3.50021e-07
0.000290464,3.51642e-07
0.000291134,3.53269e-07
0.000291805,3.54905e-07
0.000292478,3.56548e-07
0.000293152,3.58198e-07
0.000293828,3.59856e-07
0.000294506,3.61522e-07
0.000295185,3.63195e-07
0.000295865,3.64876e-07
0.000296548,3.66565e-07
0.000297231,3.68262e-07
0.000297917,3.69966e-07
0.000298604,3.71679e-07
0.000299292,3.73399e-07
0.000299982,3.75127e-07
0.000300674,3.76863e-07
0.000301367,3.78607e-07
0.000302062,3.8036e-07
0.000302758,3.8212e-07
0.000303456,3.83888e-07
0.000304156,3.85665e-07
0.000304857,3.8745e-07
0.00030556,3.89243e-07
0.000306265,3.91044e-07
0.000306971,3.92854e-07
0.000307679,3.94671e-07
0.000308388,3.96498e-07
0.000309099,3.98332e-07
0.000309812,4.00176e-07
0.000310526,4.02027e-07
0.000311242,4.03888e-07
0.00031196,4.05756e-07
0.000312679,4.07634e-07
0.0003134,4.0952e-07
0.000314123,4.11415e-07
0.000314847,4.13318e-07
0.000315573,4.1523e-07
0.000316301,4.17152e-07
0.00031703,4.19081e-07
0.000317761,4.2102e-07
0.000318494,4.22968e-07
0.000319228,4.24925e-07
0.000319964,4.26891e-07
0.000320702,4.28866e-07
0.000321441,4.30849e-07
0.000322182,4.32843e-07
0.000322925,4.34845e-07
0.00032367,4.36856e-07
0.000324416,4.38877e-07
0.000325164,4.40907e-07
0.000325914,4.42947e-07
0.000326665,4.44996e-07
0.000327418,4.47054e-07
0.000328173,4.49122e-07
0.00032893,4.51199e-07
0.000329688,4.53286e-07
0.000330449,4.55383e-07
0.00033121,4.57489e-07
0.000331974,4.59605e-07
0.00033274,4.6173e-07
0.000333507,4.63866e-07
0.000334276,4.66011e-07
0.000335046,4.68166e-07
0.000335819,4.70331e-07
0.000336593,4.72506e-07
0.000337369,4.74691e-07
0.000338147,4.76887e-07
0.000338927,4.79092e-07
0.000339708,4.81307e-07
0.000340492,4.83533e-07
0.000341277,4.85769e-07
0.000342064,4.88015e-07
0.000342852,4.90272e-07
0.000343643,4.92539e-07
0.000344435,4.94816e-07
0.000345229,4.97104e-07
0.000346025,4.99402e-07
0.000346823,5.01711e-07
0.000347623,5.04031e-07
0.000348424,5.06361e-07
0.000349228,5.08702e-07
0.000350033,5.11054e-07
0.00035084,5.13417e-07
0.000351649,5.15791e-07
0.00035246,5.18175e-07
0.000353272,5.20571e-07
0.000354087,5.22977e-07
0.000354903,5.25395e-07
0.000355722,5.27824e-07
0.000356542,5.30264e-07
0.000357364,5.32715e-07
0.000358188,5.35177e-07
0.000359014,5.37651e-07
0.000359841,5.40136e-07
0.000360671,5.42633e-07
0.000361503,5.45141e-07
0.000362336,5.47661e-07
0.000363172,5.50192e-07
0.000364009,5.52735e-07
0.000364848,5.5529e-07
0.00036569,5.57856e-07
0.000366533,5.60434e-07
0.000367378,5.63024e-07
0.000368225,5.65626e-07
0.000369074,5.6824e-07
0.000369925,5.70866e-07
0.000370778,5.73505e-07
0.000371633,5.76155e-07
0.00037249,5.78817e-07
0.000373349,5.81492e-07
0.000374209,5.84179e-07
0.000375072,5.86879e-07
0.000375937,5.89591e-07
0.000376804,5.92315e-07
0.000377673,5.95052e-07
0.000378543,5.97801e-07
0.000379416,6.00563e-07
0.000380291,6.03338e-07
0.000381168,6.06126e-07
0.000382047,6.08926e-07
0.000382928,6.1174e-07
0.00038381,6.14566e-07
0.000384695,6.17405e-07
0.000385582,6.20258e-07
0.000386471,6.23123e-07
0.000387363,6.26002e-07
0.000388256,6.28894e-07
0.000389151,6.31799e-07
0.000390048,6.34718e-07
0.000390947,6.3765e-07
0.000391849,6.40595e-07
0.000392752,6.43554e-07
0.000393658,6.46527e-07
0.000394566,6.49514e-07
0.000395475,6.52514e-07
0.000396387,6.55528e-07
0.000397301,6.58555e-07
0.000398217,6.61597e-07
0.000399135,6.64653e-07
0.000400056,6.67723e-07
0.000400978,6.70807e-07
0.000401903,6.73905e-07
0.000402829,6.77017e-07
0.000403758,6.80144e-07
0.000404689,6.83285e-07
0.000405622,6.8644e-07
0.000406557,6.8961e-07
0.000407495,6.92795e-07
0.000408434,6.95994e-07
0.000409376,6.99208e-07
0.00041032,7.02437e-07
0.000411266,7.05681e-07
0.000412214,7.08939e-07
0.000413165,7.12213e-07
0.000414117,7.15501e-07
0.000415072,7.18805e-07
0.000416029,7.22124e-07
0.000416988,7.25458e-07
0.00041795,7.28807e-07
0.000418914,7.32172e-07
0.000419879,7.35553e-07
0.000420848,7.38949e-07
0.000421818,7.4236e-07
0.000422791,7.45787e-07
0.000423765,7.4923e-07
0.000424742,7.52689e-07
0.000425722,7.56164e-07
0.000426703,7.59654e-07
0.000427687,7.63161e-07
0.000428673,7.66684e-07
0.000429662,7.70223e-07
0.000430652,7.73778e-07
0.000431645,7.7735e-07
0.000432641,7.80938e-07
0.000433638,7.84543e-07
0.000434638,7.88164e-07
0.00043564,7.91802e-07
0.000436645,7.95456e-07
0.000437651,7.99127e-07
0.00043866,8.02816e-07
0.000439672,8.06521e-07
0.000440686,8.10243e-07
0.000441702,8.13982e-07
0.00044272,8.17739e-07
0.000443741,8.21513e-07
0.000444764,8.25304e-07
0.000445789,8.29112e-07
0.000446817,8.32938e-07
0.000447848,8.36782e-07
0.00044888,8.40643e-07
0.000449915,8.44522e-07
0.000450953,8.48419e-07
0.000451992,8.52334e-07
0.000453034,8.56266e-07
0.000454079,8.60217e-07
0.000455126,8.64186e-07
0.000456175,8.68173e-07
0.000457227,8.72179e-07
0.000458281,8.76203e-07
0.000459338,8.80245e-07
0.000460397,8.84306e-07
0.000461459,8.88386e-07
0.000462523,8.92484e-07
0.000463589,8.96601e-07
0.000464658,9.00737e-07
0.000465729,9.04892e-07
0.000466803,9.09067e-07
0.00046788,9.1326e-07
0.000468958,9.17473e-07
0.00047004,9.21705e-07
0.000471123,9.25956e-07
0.00047221,9.30227e-07
0.000473298,9.34518e-07
0.00047439,9.38828e-07
0.000475483,9.43158e-07
0.00047658,9.47508e-07
0.000477679,9.51878e-07
0.00047878,9.56268e-07
0.000479884,9.60678e-07
0.00048099,9.65108e-07
0.000482099,9.69559e-07
0.000483211,9.7403e-07
0.000484325,9.78522e-07
0.000485442,9.83034e-07
0.000486561,9.87568e-07
0.000487683,9.92121e-07
0.000488807,9.96696e-07
0.000489935,1.00129e-06
0.000491064,1.00591e-06
0.000492196,1.01055e-06
0.000493331,1.01521e-06
0.000494469,1.01989e-06
0.000495609,1.02459e-06
0.000496752,1.02931e-06
0.000497897,1.03406e-06
0.000499045,1.03883e-06
0.000500196,1.04362e-06
0.000501349,1.04843e-06
0.000502505,1.05326e-06
0.000503663,1.05812e-06
0.000504825,1.06299e-06
0.000505989,1.06789e-06
0.000507155,1.07282e-06
0.000508325,1.07776e-06
0.000509497,1.08273e-06
0.000510672,1.08772e-06
0.000511849,1.09273e-06
0.000513029,1.09777e-06
0.000514212,1.10283e-06
0.000515398,1.10791e-06
0.000516586,1.11302e-06
0.000517777,1.11815e-06
0.000518971,1.1233e-06
0.000520168,1.12848e-06
0.000521367,1.13368e-06
0.000522569,1.1389e-06
0.000523774,1.14415e-06
0.000524982,1.14943e-06
0.000526192,1.15472e-06
0.000527405,1.16004e-06
0.000528621,1.16539e-06
0.00052984,1.17076e-06
0.000531062,1.17615e-06
0.000532286,1.18157e-06
0.000533514,1.18702e-06
0.000534744,1.19249e-06
0.000535977,1.19798e-06
0.000537212,1.2035e-06
0.000538451,1.20904e-06
0.000539693,1.21462e-06
0.000540937,1.22021e-06
0.000542184,1.22583e-06
0.000543434,1.23148e-06
0.000544687,1.23715e-06
0.000545943,1.24285e-06
0.000547202,1.24858e-06
0.000548464,1.25433e-06
0.000549728,1.26011e-06
0.000550996,1.26591e-06
0.000552266,1.27174e-06
0.00055354,1.2776e-06
0.000554816,1.28348e-06
0.000556095,1.2894e-06
0.000557377,1.29533e-06
0.000558662,1.3013e-06
0.00055995,1.30729e-06
0.000561242,1.31331e-06
0.000562536,1.31936e-06
0.000563833,1.32544e-06
0.000565133,1.33154e-06
0.000566436,1.33768e-06
0.000567742,1.34384e-06
0.000569051,1.35002e-06
0.000570363,1.35624e-06
0.000571678,1.36249e-06
0.000572996,1.36876e-06
0.000574317,1.37506e-06
0.000575641,1.38139e-06
0.000576969,1.38775e-06
0.000578299,1.39414e-06
0.000579632,1.40056e-06
0.000580969,1.40701e-06
0.000582308,1.41349e-06
0.000583651,1.42e-06
0.000584997,1.42653e-06
0.000586346,1.4331e-06
0.000587697,1.4397e-06
0.000589053,1.44632e-06
0.000590411,1.45298e-06
0.000591772,1.45967e-06
0.000593136,1.46639e-06
0.000594504,1.47314e-06
0.000595875,1.47992e-06
0.000597249,1.48673e-06
0.000598626,1.49358e-06
0.000600006,1.50045e-06
0.000601389,1.50736e-06
0.000602776,1.51429e-06
0.000604166,1.52126e-06
0.000605559,1.52826e-06
0.000606955,1.5353e-06
0.000608355,1.54236e-06
0.000609757,1.54946e-06
0.000611163,1.55659e-06
0.000612572,1.56375e-06
0.000613985,1.57094e-06
0.0006154,1.57817e-06
0.000616819,1.58543e-06
0.000618242,1.59272e-06
0.000619667,1.60004e-06
0.000621096,1.6074e-06
0.000622528,1.6148e-06
0.000623963,1.62222e-06
0.000625402,1.62968e-06
0.000626844,1.63718e-06
0.000628289,1.64471e-06
0.000629738,1.65227e-06
0.00063119,1.65987e-06
0.000632645,1.6675e-06
0.000634104,1.67517e-06
0.000635566,1.68288e-06
0.000637031,1.69061e-06
0.0006385,1.69839e-06
0.000639972,1.7062e-06
0.000641448,1.71404e-06
0.000642927,1.72192e-06
0.000644409,1.72984e-06
0.000645895,1.73779e-06
0.000647384,1.74578e-06
0.000648877,1.75381e-06
0.000650373,1.76187e-06
0.000651873,1.76997e-06
0.000653376,1.7781e-06
0.000654882,1.78628e-06
0.000656392,1.79449e-06
0.000657906,1.80274e-06
0.000659423,1.81102e-06
0.000660943,1.81935e-06
0.000662467,1.82771e-06
0.000663994,1.83611e-06
0.000665525,1.84455e-06
0.00066706,1.85302e-06
0.000668598,1.86154e-06
0.00067014,1.87009e-06
0.000671685,1.87869e-06
0.000673233,1.88732e-06
0.000674786,1.89599e-06
0.000676341,1.90471e-06
0.000677901,1.91346e-06
0.000679464,1.92225e-06
0.000681031,1.93108e-06
0.000682601,1.93995e-06
0.000684175,1.94887e-06
0.000685752,1.95782e-06
0.000687333,1.96681e-06
0.000688918,1.97585e-06
0.000690507,1.98493e-06
0.000692099,1.99404e-06
0.000693694,2.0032e-06
0.000695294,2.01241e-06
0.000696897,2.02165e-06
0.000698504,2.03094e-06
0.000700114,2.04026e-06
0.000701729,2.04963e-06
0.000703347,2.05905e-06
0.000704968,2.0685e-06
0.000706594,2.078e-06
0.000708223,2.08755e-06
0.000709856,2.09713e-06
0.000711493,2.10676e-06
0.000713133,2.11644e-06
0.000714777,2.12616e-06
0.000716425,2.13592e-06
0.000718077,2.14573e-06
0.000719733,2.15558e-06
0.000721393,2.16547e-06
0.000723056,2.17542e-06
0.000724723,2.1854e-06
0.000726394,2.19544e-06
0.000728069,2.20552e-06
0.000729748,2.21564e-06
0.00073143,2.22581e-06
0.000733117,2.23603e-06
0.000734807,2.24629e-06
0.000736501,2.2566e-06
0.000738199,2.26696e-06
0.000739901,2.27737e-06
0.000741607,2.28782e-06
0.000743317,2.29832e-06
0.000745031,2.30887e-06
0.000746749,2.31946e-06
0.000748471,2.33011e-06
0.000750197,2.3408e-06
0.000751926,2.35154e-06
0.00075366,2.36233e-06
0.000755398,2.37317e-06
0.000757139,2.38406e-06
0.000758885,2.395e-06
0.000760635,2.40599e-06
0.000762389,2.41703e-06
0.000764147,2.42812e-06
0.000765908,2.43926e-06
0.000767674,2.45045e-06
0.000769444,2.46169e-06
0.000771218,2.47298e-06
0.000772997,2.48433e-06
0.000774779,2.49572e-06
0.000776565,2.50717e-06
0.000778356,2.51867e-06
0.000780151,2.53022e-06
0.000781949,2.54183e-06
0.000783752,2.55349e-06
0.000785559,2.5652e-06
0.000787371,2.57696e-06
0.000789186,2.58878e-06
0.000791006,2.60065e-06
0.00079283,2.61258e-06
0.000794658,2.62456e-06
0.00079649,2.63659e-06
0.000798326,2.64868e-06
0.000800167,2.66083e-06
0.000802012,2.67303e-06
0.000803861,2.68528e-06
0.000805715,2.69759e-06
0.000807572,2.70996e-06
0.000809434,2.72239e-06
0.000811301,2.73487e-06
0.000813171,2.7474e-06
0.000815046,2.76e-06
0.000816925,2.77265e-06
0.000818809,2.78536e-06
0.000820697,2.79812e-06
0.000822589,2.81095e-06
0.000824486,2.82383e-06
0.000826387,2.83678e-06
0.000828292,2.84978e-06
0.000830202,2.86284e-06
0.000832116,2.87596e-06
0.000834035,2.88914e-06
0.000835958,2.90238e-06
0.000837885,2.91568e-06
0.000839817,2.92904e-06
0.000841754,2.94246e-06
0.000843695,2.95594e-06
0.00084564,2.96948e-06
0.00084759,2.98309e-06
0.000849544,2.99675e-06
0.000851503,3.01048e-06
0.000853466,3.02428e-06
0.000855434,3.03813e-06
0.000857406,3.05205e-06
0.000859383,3.06603e-06
0.000861365,3.08007e-06
0.000863351,3.09418e-06
0.000865341,3.10835e-06
0.000867337,3.12259e-06
0.000869336,3.13689e-06
0.000871341,3.15126e-06
0.00087335,3.16569e-06
0.000875364,3.18019e-06
0.000877382,3.19475e-06
0.000879405,3.20938e-06
0.000881432,3.22408e-06
0.000883465,3.23884e-06
0.000885502,3.25367e-06
0.000887543,3.26857e-06
0.00088959,3.28353e-06
0.000891641,3.29857e-06
0.000893697,3.31367e-06
0.000895757,3.32884e-06
0.000897823,3.34408e-06
0.000899893,3.35939e-06
0.000901968,3.37476e-06
0.000904047,3.39021e-06
0.000906132,3.40573e-06
0.000908221,3.42132e-06
0.000910315,3.43698e-06
0.000912414,3.45271e-06
0.000914518,3.46851e-06
0.000916627,3.48439e-06
0.00091874,3.50033e-06
0.000920858,3.51635e-06
0.000922982,3.53244e-06
0.00092511,3.54861e-06
0.000927243,3.56484e-06
0.000929381,3.58116e-06
0.000931524,3.59754e-06
0.000933671,3.614e-06
0.000935824,3.63054e-06
0.000937982,3.64715e-06
0.000940145,3.66383e-06
0.000942312,3.68059e-06
0.000944485,3.69743e-06
0.000946663,3.71434e-06
0.000948845,3.73134e-06
0.000951033,3.7484e-06
0.000953226,3.76555e-06
0.000955424,3.78277e-06
0.000957627,3.80007e-06
0.000959835,3.81745e-06
0.000962048,3.83491e-06
0.000964266,3.85245e-06
0.000966489,3.87007e-06
0.000968718,3.88776e-06
0.000970951,3.90554e-06
0.00097319,3.9234e-06
0.000975434,3.94134e-06
0.000977683,3.95936e-06
0.000979937,3.97746e-06
0.000982197,3.99565e-06
0.000984461,4.01392e-06
0.000986731,4.03227e-06
0.000989006,4.0507e-06
0.000991287,4.06922e-06
0.000993572,4.08782e-06
0.000995863,4.1065e-06
0.000998159,4.12527e-06
0.00100046,4.14413e-06
0.00100277,4.16307e-06
0.00100508,4.1821e-06
0.0010074,4.20121e-06
0.00100972,4.22041e-06
0.00101205,4.2397e-06
0.00101438,4.25907e-06
0.00101672,4.27853e-06
0.00101906,4.29809e-06
0.00102141,4.31772e-06
0.00102377,4.33745e-06
0.00102613,4.35727e-06
0.0010285,4.37718e-06
0.00103087,4.39718e-06
0.00103324,4.41726e-06
0.00103563,4.43744e-06
0.00103801,4.45771e-06
0.00104041,4.47808e-06
0.00104281,4.49853e-06
0.00104521,4.51908e-06
0.00104762,4.53972e-06
0.00105004,4.56046e-06
0.00105246,4.58128e-06
0.00105488,4.60221e-06
0.00105732,4.62322e-06
0.00105975,4.64434e-06
0.0010622,4.66555e-06
0.00106465,4.68685e-06
0.0010671,4.70825e-06
0.00106956,4.72975e-06
0.00107203,4.75135e-06
0.0010745,4.77304e-06
0.00107698,4.79483e-06
0.00107946,4.81672e-06
0.00108195,4.83871e-06
0.00108444,4.8608e-06
0.00108694,4.88299e-06
0.00108945,4.90528e-06
0.00109196,4.92767e-06
0.00109448,4.95016e-06
0.001097,4.97275e-06
0.00109953,4.99545e-06
0.00110207,5.01825e-06
0.00110461,5.04115e-06
0.00110716,5.06415e-06
0.00110971,5.08726e-06
0.00111227,5.11048e-06
0.00111483,5.1338e-06
0.0011174,5.15722e-06
0.00111998,5.18075e-06
0.00112256,5.20439e-06
0.00112515,5.22814e-06
0.00112774,5.25199e-06
0.00113034,5.27595e-06
0.00113295,5.30001e-06
0.00113556,5.32419e-06
0.00113818,5.34848e-06
0.00114081,5.37287e-06
0.00114344,5.39738e-06
0.00114607,5.422e-06
0.00114871,5.44673e-06
0.00115136,5.47157e-06
0.00115402,5.49652e-06
0.00115668,5.52159e-06
0.00115935,5.54677e-06
0.00116202,5.57206e-06
0.0011647,5.59747e-06
0.00116738,5.62299e-06
0.00117007,5.64863e-06
0.00117277,5.67438e-06
0.00117548,5.70025e-06
0.00117819,5.72624e-06
0.0011809,5.75234e-06
0.00118363,5.77856e-06
0.00118636,5.8049e-06
0.00118909,5.83136e-06
0.00119183,5.85794e-06
0.00119458,5.88464e-06
0.00119733,5.91146e-06
0.0012001,5.93841e-06
0.00120286,5.96547e-06
0.00120564,5.99265e-06
0.00120842,6.01996e-06
0.0012112,6.0474e-06
0.00121399,6.07495e-06
0.00121679,6.10263e-06
0.0012196,6.13044e-06
0.00122241,6.15837e-06
0.00122523,6.18642e-06
0.00122806,6.21461e-06
0.00123089,6.24292e-06
0.00123372,6.27136e-06
0.00123657,6.29993e-06
0.00123942,6.32862e-06
0.00124228,6.35745e-06
0.00124514,6.3864e-06
0.00124801,6.41549e-06
0.00125089,6.44471e-06
0.00125378,6.47406e-06
0.00125667,6.50354e-06
0.00125956,6.53316e-06
0.00126247,6.56291e-06
0.00126538,6.59279e-06
0.0012683,6.62281e-06
0.00127122,6.65296e-06
0.00127415,6.68325e-06
0.00127709,6.71368e-06
0.00128003,6.74424e-06
0.00128299,6.77495e-06
0.00128594,6.80579e-06
0.00128891,6.83677e-06
0.00129188,6.86788e-06
0.00129486,6.89914e-06
0.00129784,6.93055e-06
0.00130084,6.96209e-06
0.00130384,6.99377e-06
0.00130684,7.0256e-06
0.00130986,7.05757e-06
0.00131288,7.08969e-06
0.0013159,7.12195e-06
0.00131894,7.15435e-06
0.00132198,7.1869e-06
0.00132503,7.2196e-06
0.00132808,7.25245e-06
0.00133114,7.28544e-06
0.00133421,7.31858e-06
0.00133729,7.35188e-06
0.00134037,7.38532e-06
0.00134346,7.41891e-06
0.00134656,7.45266e-06
0.00134967,7.48655e-06
0.00135278,7.5206e-06
0.0013559,7.5548e-06
0.00135902,7.58916e-06
0.00136216,7.62367e-06
0.0013653,7.65834e-06
0.00136844,7.69316e-06
0.0013716,7.72814e-06
0.00137476,7.76328e-06
0.00137793,7.79858e-06
0.00138111,7.83403e-06
0.00138429,7.86965e-06
0.00138749,7.90542e-06
0.00139068,7.94136e-06
0.00139389,7.97745e-06
0.0013971,8.01371e-06
0.00140033,8.05014e-06
0.00140356,8.08673e-06
0.00140679,8.12348e-06
0.00141003,8.1604e-06
0.00141329,8.19748e-06
0.00141654,8.23473e-06
0.00141981,8.27215e-06
0.00142308,8.30974e-06
0.00142637,8.34749e-06
0.00142965,8.38542e-06
0.00143295,8.42352e-06
0.00143625,8.46179e-06
0.00143957,8.50023e-06
0.00144289,8.53884e-06
0.00144621,8.57763e-06
0.00144955,8.61659e-06
0.00145289,8.65573e-06
0.00145624,8.69504e-06
0.0014596,8.73453e-06
0.00146296,8.7742e-06
0.00146634,8.81404e-06
0.00146972,8.85407e-06
0.0014731,8.89427e-06
0.0014765,8.93466e-06
0.00147991,8.97523e-06
0.00148332,9.01598e-06
0.00148674,9.05691e-06
0.00149017,9.09803e-06
0.0014936,9.13933e-06
0.00149705,9.18082e-06
0.0015005,9.22249e-06
0.00150396,9.26435e-06
0.00150742,9.3064e-06
0.0015109,9.34864e-06
0.00151438,9.39107e-06
0.00151788,9.43369e-06
0.00152138,9.4765e-06
0.00152488,9.5195e-06
0.0015284,9.5627e-06
0.00153192,9.60609e-06
0.00153546,9.64968e-06
0.001539,9.69346e-06
0.00154254,9.73743e-06
0.0015461,9.78161e-06
0.00154967,9.82598e-06
0.00155324,9.87056e-06
0.00155682,9.91533e-06
0.00156041,9.9603e-06
0.00156401,1.00055e-05
0.00156761,1.00509e-05
0.00157123,1.00964e-05
0.00157485,1.01422e-05
0.00157848,1.01882e-05
0.00158212,1.02344e-05
0.00158577,1.02808e-05
0.00158943,1.03274e-05
0.00159309,1.03743e-05
0.00159676,1.04213e-05
0.00160045,1.04685e-05
0.00160414,1.0516e-05
0.00160783,1.05637e-05
0.00161154,1.06116e-05
0.00161526,1.06597e-05
0.00161898,1.0708e-05
0.00162271,1.07565e-05
0.00162646,1.08053e-05
0.00163021,1.08542e-05
0.00163396,1.09034e-05
0.00163773,1.09528e-05
0.00164151,1.10024e-05
0.00164529,1.10523e-05
0.00164909,1.11024e-05
0.00165289,1.11527e-05
0.0016567,1.12032e-05
0.00166052,1.1254e-05
0.00166435,1.13049e-05
0.00166819,1.13561e-05
0.00167203,1.14076e-05
0.00167589,1.14593e-05
0.00167975,1.15112e-05
0.00168362,1.15633e-05
0.00168751,1.16157e-05
0.0016914,1.16683e-05
0.0016953,1.17211e-05
0.00169921,1.17742e-05
0.00170312,1.18275e-05
0.00170705,1.1881e-05
0.00171099,1.19348e-05
0.00171493,1.19888e-05
0.00171889,1.20431e-05
0.00172285,1.20976e-05
0.00172682,1.21524e-05
0.0017308,1.22074e-05
0.00173479,1.22626e-05
0.00173879,1.23181e-05
0.0017428,1.23739e-05
0.00174682,1.24299e-05
0.00175085,1.24861e-05
0.00175489,1.25426e-05
0.00175893,1.25994e-05
0.00176299,1.26564e-05
0.00176705,1.27137e-05
0.00177113,1.27712e-05
0.00177521,1.2829e-05
0.0017793,1.2887e-05
0.00178341,1.29453e-05
0.00178752,1.30038e-05
0.00179164,1.30626e-05
0.00179577,1.31217e-05
0.00179991,1.31811e-05
0.00180406,1.32407e-05
0.00180822,1.33006e-05
0.00181239,1.33607e-05
0.00181657,1.34211e-05
0.00182076,1.34818e-05
0.00182496,1.35427e-05
0.00182916,1.3604e-05
0.00183338,1.36655e-05
0.00183761,1.37272e-05
0.00184184,1.37893e-05
0.00184609,1.38516e-05
0.00185035,1.39142e-05
0.00185461,1.39771e-05
0.00185889,1.40403e-05
0.00186318,1.41037e-05
0.00186747,1.41675e-05
0.00187178,1.42315e-05
0.00187609,1.42958e-05
0.00188042,1.43604e-05
0.00188476,1.44253e-05
0.0018891,1.44904e-05
0.00189346,1.45559e-05
0.00189782,1.46216e-05
0.0019022,1.46877e-05
0.00190658,1.4754e-05
0.00191098,1.48207e-05
0.00191539,1.48876e-05
0.0019198,1.49548e-05
0.00192423,1.50224e-05
0.00192867,1.50902e-05
0.00193311,1.51584e-05
0.00193757,1.52268e-05
0.00194204,1.52955e-05
0.00194652,1.53646e-05
0.001951,1.5434e-05
0.0019555,1.55036e-05
0.00196001,1.55736e-05
0.00196453,1.56439e-05
0.00196906,1.57145e-05
0.0019736,1.57855e-05
0.00197815,1.58567e-05
0.00198271,1.59283e-05
0.00198728,1.60001e-05
0.00199186,1.60723e-05
0.00199646,1.61448e-05
0.00200106,1.62177e-05
0.00200567,1.62909e-05
0.0020103,1.63644e-05
0.00201493,1.64382e-05
0.00201958,1.65123e-05
0.00202424,1.65868e-05
0.0020289,1.66616e-05
0.00203358,1.67368e-05
0.00203827,1.68123e-05
0.00204297,1.68881e-05
0.00204768,1.69642e-05
0.0020524,1.70407e-05
0.00205713,1.71176e-05
0.00206188,1.71947e-05
0.00206663,1.72723e-05
0.0020714,1.73501e-05
0.00207617,1.74283e-05
0.00208096,1.75069e-05
0.00208576,1.75858e-05
0.00209057,1.76651e-05
0.00209539,1.77447e-05
0.00210022,1.78247e-05
0.00210506,1.7905e-05
0.00210991,1.79857e-05
0.00211478,1.80667e-05
0.00211966,1.81481e-05
0.00212454,1.82299e-05
0.00212944,1.8312e-05
0.00213435,1.83945e-05
0.00213927,1.84774e-05
0.0021442,1.85606e-05
0.00214915,1.86442e-05
0.0021541,1.87282e-05
0.00215907,1.88126e-05
0.00216405,1.88973e-05
0.00216904,1.89824e-05
0.00217404,1.90679e-05
0.00217905,1.91537e-05
0.00218408,1.924e-05
0.00218911,1.93266e-05
0.00219416,1.94136e-05
0.00219922,1.9501e-05
0.00220429,1.95888e-05
0.00220937,1.96769e-05
0.00221447,1.97655e-05
0.00221957,1.98545e-05
0.00222469,1.99438e-05
0.00222982,2.00336e-05
0.00223496,2.01237e-05
0.00224011,2.02143e-05
0.00224528,2.03052e-05
0.00225046,2.03966e-05
0.00225564,2.04884e-05
0.00226085,2.05805e-05
0.00226606,2.06731e-05
0.00227128,2.07661e-05
0.00227652,2.08595e-05
0.00228177,2.09533e-05
0.00228703,2.10476e-05
0.0022923,2.11422e-05
0.00229759,2.12373e-05
0.00230289,2.13328e-05
0.0023082,2.14287e-05
0.00231352,2.15251e-05
0.00231885,2.16218e-05
0.0023242,2.1719e-05
0.00232956,2.18167e-05
0.00233493,2.19147e-05
0.00234031,2.20132e-05
0.00234571,2.21122e-05
0.00235112,2.22116e-05
0.00235654,2.23114e-05
0.00236197,2.24116e-05
0.00236742,2.25123e-05
0.00237288,2.26135e-05
0.00237835,2.27151e-05
0.00238383,2.28171e-05
0.00238933,2.29197e-05
0.00239484,2.30226e-05
0.00240036,2.3126e-05
0.00240589,2.32299e-05
0.00241144,2.33342e-05
0.002417,2.3439e-05
0.00242257,2.35443e-05
0.00242816,2.365e-05
0.00243376,2.37562e-05
0.00243937,2.38629e-05
0.00244499,2.397e-05
0.00245063,2.40776e-05
0.00245628,2.41857e-05
0.00246194,2.42943e-05
0.00246762,2.44033e-05
0.00247331,2.45129e-05
0.00247901,2.46229e-05
0.00248473,2.47334e-05
0.00249046,2.48444e-05
0.0024962,2.49559e-05
0.00250196,2.50678e-05
0.00250772,2.51803e-05
0.00251351,2.52933e-05
0.0025193,2.54067e-05
0.00252511,2.55207e-05
0.00253093,2.56352e-05
0.00253677,2.57502e-05
0.00254262,2.58657e-05
0.00254848,2.59817e-05
0.00255436,2.60982e-05
0.00256025,2.62152e-05
0.00256615,2.63328e-05
0.00257207,2.64508e-05
0.002578,2.65694e-05
0.00258394,2.66885e-05
0.0025899,2.68082e-05
0.00259587,2.69283e-05
0.00260185,2.7049e-05
0.00260785,2.71703e-05
0.00261387,2.72921e-05
0.00261989,2.74144e-05
0.00262593,2.75372e-05
0.00263199,2.76606e-05
0.00263806,2.77845e-05
0.00264414,2.7909e-05
0.00265024,2.8034e-05
0.00265635,2.81596e-05
0.00266247,2.82858e-05
0.00266861,2.84125e-05
0.00267476,2.85397e-05
0.00268093,2.86675e-05
0.00268711,2.87959e-05
0.00269331,2.89249e-05
0.00269952,2.90544e-05
0.00270574,2.91845e-05
0.00271198,2.93151e-05
0.00271823,2.94464e-05
0.0027245,2.95782e-05
0.00273078,2.97106e-05
0.00273708,2.98436e-05
0.00274339,2.99771e-05
0.00274972,3.01113e-05
0.00275606,3.02461e-05
0.00276241,3.03814e-05
0.00276878,3.05173e-05
0.00277516,3.06539e-05
0.00278156,3.0791e-05
0.00278798,3.09288e-05
0.0027944,3.10671e-05
0.00280085,3.12061e-05
0.00280731,3.13457e-05
0.00281378,3.14859e-05
0.00282027,3.16267e-05
0.00282677,3.17681e-05
0.00283329,3.19102e-05
0.00283982,3.20528e-05
0.00284637,3.21961e-05
0.00285293,3.23401e-05
0.00285951,3.24847e-05
0.0028661,3.26299e-05
0.00287271,3.27757e-05
0.00287933,3.29222e-05
0.00288597,3.30693e-05
0.00289263,3.32171e-05
0.0028993,3.33655e-05
0.00290598,3.35146e-05
0.00291268,3.36644e-05
0.0029194,3.38148e-05
0.00292613,3.39658e-05
0.00293287,3.41176e-05
0.00293964,3.427e-05
0.00294641,3.4423e-05
0.00295321,3.45768e-05
0.00296002,3.47312e-05
0.00296684,3.48863e-05
0.00297368,3.5042e-05
0.00298054,3.51985e-05
0.00298741,3.53556e-05
0.0029943,3.55135e-05
0.0030012,3.5672e-05
0.00300812,3.58312e-05
0.00301506,3.59912e-05
0.00302201,3.61518e-05
0.00302898,3.63131e-05
0.00303596,3.64752e-05
0.00304296,3.66379e-05
0.00304998,3.68014e-05
0.00305701,3.69656e-05
0.00306406,3.71305e-05
0.00307112,3.72961e-05
0.00307821,3.74625e-05
0.0030853,3.76296e-05
0.00309242,3.77974e-05
0.00309955,3.7966e-05
0.00310669,3.81353e-05
0.00311386,3.83053e-05
0.00312104,3.84761e-05
0.00312823,3.86476e-05
0.00313545,3.88199e-05
0.00314267,3.8993e-05
0.00314992,3.91668e-05
0.00315718,3.93413e-05
0.00316446,3.95167e-05
0.00317176,3.96928e-05
0.00317907,3.98697e-05
0.0031864,4.00473e-05
0.00319375,4.02257e-05
0.00320111,4.04049e-05
0.00320849,4.05849e-05
0.00321589,4.07657e-05
0.00322331,4.09473e-05
0.00323074,4.11297e-05
0.00323819,4.13128e-05
0.00324565,4.14968e-05
0.00325314,4.16816e-05
0.00326064,4.18672e-05
0.00326816,4.20536e-05
0.00327569,4.22408e-05
0.00328324,4.24288e-05
0.00329081,4.26177e-05
0.0032984,4.28074e-05
0.00330601,4.29979e-05
0.00331363,4.31893e-05
0.00332127,4.33814e-05
0.00332893,4.35745e-05
0.0033366,4.37683e-05
0.0033443,4.39631e-05
0.00335201,4.41586e-05
0.00335974,4.43551e-05
0.00336748,4.45524e-05
0.00337525,4.47505e-05
0.00338303,4.49495e-05
0.00339083,4.51494e-05
0.00339865,4.53502e-05
0.00340648,4.55518e-05
0.00341434,4.57543e-05
0.00342221,4.59577e-05
0.0034301,4.6162e-05
0.00343801,4.63672e-05
0.00344594,4.65733e-05
0.00345388,4.67803e-05
0.00346185,4.69881e-05
0.00346983,4.71969e-05
0.00347783,4.74066e-05
0.00348585,4.76173e-05
0.00349389,4.78288e-05
0.00350194,4.80413e-05
0.00351002,4.82547e-05
0.00351811,4.8469e-05
0.00352622,4.86842e-05
0.00353435,4.89004e-05
0.0035425,4.91176e-05
0.00355067,4.93357e-05
0.00355885,4.95547e-05
0.00356706,4.97747e-05
0.00357528,4.99956e-05
0.00358353,5.02176e-05
0.00359179,5.04404e-05
0.00360007,5.06643e-05
0.00360837,5.08891e-05
0.00361669,5.11149e-05
0.00362503,5.13417e-05
0.00363339,5.15695e-05
0.00364177,5.17983e-05
0.00365016,5.20281e-05
0.00365858,5.22588e-05
0.00366702,5.24906e-05
0.00367547,5.27234e-05
0.00368395,5.29572e-05
0.00369244,5.3192e-05
0.00370095,5.34279e-05
0.00370949,5.36647e-05
0.00371804,5.39026e-05
0.00372661,5.41416e-05
0.00373521,5.43815e-05
0.00374382,5.46226e-05
0.00375245,5.48646e-05
0.0037611,5.51077e-05
0.00376977,5.53519e-05
0.00377847,5.55972e-05
0.00378718,5.58435e-05
0.00379591,5.60908e-05
0.00380466,5.63393e-05
0.00381343,5.65888e-05
0.00382223,5.68395e-05
0.00383104,5.70912e-05
0.00383987,5.7344e-05
0.00384873,5.75979e-05
0.0038576,5.78529e-05
0.0038665,5.8109e-05
0.00387541,5.83662e-05
0.00388435,5.86245e-05
0.0038933,5.8884e-05
0.00390228,5.91446e-05
0.00391128,5.94063e-05
0.00392029,5.96692e-05
0.00392933,5.99332e-05
0.00393839,6.01983e-05
0.00394747,6.04646e-05
0.00395658,6.07321e-05
0.0039657,6.10007e-05
0.00397484,6.12704e-05
0.00398401,6.15414e-05
0.00399319,6.18135e-05
0.0040024,6.20868e-05
0.00401163,6.23613e-05
0.00402088,6.2637e-05
0.00403015,6.29138e-05
0.00403944,6.31919e-05
0.00404875,6.34712e-05
0.00405809,6.37517e-05
0.00406745,6.40334e-05
0.00407682,6.43163e-05
0.00408622,6.46004e-05
0.00409565,6.48858e-05
0.00410509,6.51724e-05
0.00411455,6.54603e-05
0.00412404,6.57494e-05
0.00413355,6.60397e-05
0.00414308,6.63314e-05
0.00415263,6.66242e-05
0.00416221,6.69184e-05
0.00417181,6.72138e-05
0.00418142,6.75105e-05
0.00419107,6.78085e-05
0.00420073,6.81077e-05
0.00421041,6.84083e-05
0.00422012,6.87101e-05
0.00422985,6.90133e-05
0.00423961,6.93178e-05
0.00424938,6.96236e-05
0.00425918,6.99307e-05
0.004269,7.02391e-05
0.00427884,7.05489e-05
0.00428871,7.086e-05
0.0042986,7.11725e-05
0.00430851,7.14863e-05
0.00431844,7.18014e-05
0.0043284,7.21179e-05
0.00433838,7.24358e-05
0.00434838,7.27551e-05
0.00435841,7.30757e-05
0.00436846,7.33978e-05
0.00437853,7.37212e-05
0.00438862,7.4046e-05
0.00439874,7.43722e-05
0.00440889,7.46998e-05
0.00441905,7.50288e-05
0.00442924,7.53593e-05
0.00443945,7.56912e-05
0.00444969,7.60245e-05
0.00445995,7.63592e-05
0.00447023,7.66954e-05
0.00448054,7.7033e-05
0.00449087,7.73721e-05
0.00450122,7.77127e-05
0.0045116,7.80547e-05
0.00452201,7.83982e-05
0.00453243,7.87432e-05
0.00454288,7.90896e-05
0.00455336,7.94376e-05
0.00456386,7.9787e-05
0.00457438,8.0138e-05
0.00458493,8.04904e-05
0.0045955,8.08444e-05
0.00460609,8.11999e-05
0.00461671,8.15569e-05
0.00462736,8.19155e-05
0.00463803,8.22756e-05
0.00464872,8.26373e-05
0.00465944,8.30005e-05
0.00467018,8.33653e-05
0.00468095,8.37316e-05
0.00469174,8.40996e-05
0.00470256,8.44691e-05
0.0047134,8.48401e-05
0.00472427,8.52128e-05
0.00473516,8.55871e-05
0.00474608,8.5963e-05
0.00475703,8.63405e-05
0.00476799,8.67197e-05
0.00477899,8.71004e-05
0.00479001,8.74828e-05
0.00480105,8.78669e-05
0.00481212,8.82525e-05
0.00482322,8.86399e-05
0.00483434,8.90289e-05
0.00484548,8.94196e-05
0.00485666,8.98119e-05
0.00486785,9.02059e-05
0.00487908,9.06017e-05
0.00489033,9.09991e-05
0.0049016,9.13982e-05
0.0049129,9.1799e-05
0.00492423,9.22016e-05
0.00493559,9.26059e-05
0.00494697,9.30119e-05
0.00495837,9.34196e-05
0.0049698,9.38291e-05
0.00498126,9.42404e-05
0.00499275,9.46534e-05
0.00500426,9.50682e-05
0.0050158,9.54847e-05
0.00502736,9.59031e-05
0.00503895,9.63232e-05
0.00505057,9.67451e-05
0.00506222,9.71688e-05
0.00507389,9.75944e-05
0.00508559,9.80218e-05
0.00509731,9.8451e-05
0.00510907,9.8882e-05
0.00512085,9.93149e-05
0.00513265,9.97496e-05
0.00514449,0.000100186
0.00515635,0.000100625
0.00516824,0.000101065
0.00518016,0.000101507
0.0051921,0.000101951
0.00520407,0.000102397
0.00521607,0.000102845
0.0052281,0.000103295
0.00524015,0.000103747
0.00525223,0.0001042
0.00526434,0.000104656
0.00527648,0.000105113
0.00528865,0.000105573
0.00530084,0.000106034
0.00531306,0.000106498
0.00532531,0.000106963
0.00533759,0.000107431
0.0053499,0.0001079
0.00536224,0.000108371
0.0053746,0.000108845
0.00538699,0.00010932
0.00539941,0.000109798
0.00541186,0.000110277
0.00542434,0.000110759
0.00543685,0.000111242
0.00544938,0.000111728
0.00546195,0.000112215
0.00547454,0.000112705
0.00548716,0.000113197
0.00549981,0.000113691
0.0055125,0.000114187
0.00552521,0.000114685
0.00553795,0.000115186
0.00555071,0.000115688
0.00556351,0.000116192
0.00557634,0.000116699
0.0055892,0.000117208
0.00560208,0.000117719
0.005615,0.000118232
0.00562795,0.000118748
0.00564092,0.000119265
0.00565393,0.000119785
0.00566697,0.000120307
0.00568003,0.000120831
0.00569313,0.000121357
0.00570626,0.000121886
0.00571941,0.000122417
0.0057326,0.00012295
0.00574582,0.000123485
0.00575907,0.000124023
0.00577234,0.000124563
0.00578565,0.000125105
0.00579899,0.00012565
0.00581236,0.000126197
0.00582577,0.000126746
0.0058392,0.000127297
0.00585266,0.000127851
0.00586616,0.000128407
0.00587968,0.000128966
0.00589324,0.000129527
0.00590683,0.00013009
0.00592045,0.000130656
0.0059341,0.000131224
0.00594778,0.000131794
0.00596149,0.000132367
0.00597524,0.000132942
0.00598902,0.00013352
0.00600282,0.0001341
0.00601667,0.000134683
0.00603054,0.000135268
0.00604444,0.000135856
0.00605838,0.000136446
0.00607235,0.000137038
0.00608635,0.000137633
0.00610038,0.000138231
0.00611445,0.000138831
0.00612855,0.000139434
0.00614268,0.000140039
0.00615684,0.000140646
0.00617104,0.000141257
0.00618526,0.00014187
0.00619953,0.000142485
0.00621382,0.000143103
0.00622815,0.000143724
0.00624251,0.000144347
0.0062569,0.000144973
0.00627133,0.000145602
0.00628579,0.000146233
0.00630028,0.000146867
0.00631481,0.000147503
0.00632937,0.000148142
0.00634396,0.000148784
0.00635859,0.000149429
0.00637325,0.000150076
0.00638794,0.000150726
0.00640267,0.000151379
0.00641743,0.000152035
0.00643223,0.000152693
0.00644706,0.000153354
0.00646193,0.000154018
0.00647683,0.000154685
0.00649176,0.000155354
0.00650673,0.000156026
0.00652173,0.000156701
0.00653677,0.000157379
0.00655184,0.00015806
0.00656695,0.000158744
0.00658209,0.00015943
0.00659726,0.00016012
0.00661248,0.000160812
0.00662772,0.000161507
0.006643,0.000162205
0.00665832,0.000162907
0.00667367,0.000163611
0.00668906,0.000164317
0.00670448,0.000165027
0.00671994,0.00016574
0.00673544,0.000166456
0.00675097,0.000167175
0.00676653,0.000167897
0.00678213,0.000168622
0.00679777,0.00016935
0.00681344,0.000170081
0.00682915,0.000170815
0.0068449,0.000171552
0.00686068,0.000172292
0.0068765,0.000173036
0.00689236,0.000173782
0.00690825,0.000174532
0.00692418,0.000175285
0.00694014,0.000176041
0.00695614,0.0001768
0.00697218,0.000177562
0.00698826,0.000178327
0.00700437,0.000179096
0.00702052,0.000179868
0.00703671,0.000180643
0.00705293,0.000181421
0.00706919,0.000182202
0.00708549,0.000182987
0.00710183,0.000183775
0.0071182,0.000184567
0.00713462,0.000185361
0.00715107,0.000186159
0.00716756,0.000186961
0.00718408,0.000187765
0.00720065,0.000188573
0.00721725,0.000189385
0.00723389,0.0001902
0.00725057,0.000191018
0.00726729,0.000191839
0.00728404,0.000192664
0.00730084,0.000193493
0.00731767,0.000194325
0.00733454,0.00019516
0.00735145,0.000195999
0.0073684,0.000196841
0.00738539,0.000197687
0.00740242,0.000198536
0.00741949,0.000199389
0.0074366,0.000200246
0.00745374,0.000201106
0.00747093,0.000201969
0.00748816,0.000202837
0.00750542,0.000203707
0.00752273,0.000204582
0.00754007,0.00020546
0.00755746,0.000206341
0.00757488,0.000207227
0.00759235,0.000208116
0.00760985,0.000209009
0.0076274,0.000209905
0.00764499,0.000210805
0.00766261,0.000211709
0.00768028,0.000212617
0.00769799,0.000213528
0.00771574,0.000214443
0.00773353,0.000215362
0.00775136,0.000216285
0.00776923,0.000217212
0.00778715,0.000218142
0.0078051,0.000219076
0.0078231,0.000220014
0.00784113,0.000220956
0.00785921,0.000221902
0.00787733,0.000222852
0.0078955,0.000223806
0.0079137,0.000224764
0.00793195,0.000225726
0.00795024,0.000226691
0.00796857,0.000227661
0.00798694,0.000228635
0.00800536,0.000229612
0.00802381,0.000230594
0.00804231,0.00023158
0.00806086,0.00023257
0.00807944,0.000233564
0.00809807,0.000234562
0.00811674,0.000235564
0.00813546,0.00023657
0.00815422,0.000237581
0.00817302,0.000238595
0.00819186,0.000239614
0.00821075,0.000240637
0.00822968,0.000241665
0.00824866,0.000242696
0.00826768,0.000243732
0.00828674,0.000244772
0.00830585,0.000245816
0.008325,0.000246865
0.00834419,0.000247918
0.00836343,0.000248975
0.00838271,0.000250037
0.00840204,0.000251103
0.00842142,0.000252173
0.00844083,0.000253248
0.00846029,0.000254327
0.0084798,0.00025541
0.00849935,0.000256499
0.00851895,0.000257591
0.00853859,0.000258688
0.00855828,0.00025979
0.00857801,0.000260896
0.00859779,0.000262006
0.00861761,0.000263121
0.00863748,0.000264241
0.0086574,0.000265366
0.00867736,0.000266494
0.00869737,0.000267628
0.00871742,0.000268766
0.00873752,0.000269909
0.00875767,0.000271057
0.00877786,0.000272209
0.0087981,0.000273366
0.00881839,0.000274528
0.00883872,0.000275694
0.0088591,0.000276866
0.00887952,0.000278042
0.0089,0.000279222
0.00892052,0.000280408
0.00894109,0.000281599
0.0089617,0.000282794
0.00898236,0.000283994
0.00900308,0.0002852
0.00902383,0.00028641
0.00904464,0.000287625
0.00906549,0.000288845
0.0090864,0.00029007
0.00910735,0.0002913
0.00912835,0.000292535
0.00914939,0.000293775
0.00917049,0.00029502
0.00919163,0.000296271
0.00921283,0.000297526
0.00923407,0.000298786
0.00925536,0.000300052
0.0092767,0.000301323
0.00929809,0.000302599
0.00931953,0.00030388
0.00934102,0.000305166
0.00936255,0.000306458
0.00938414,0.000307754
0.00940578,0.000309057
0.00942746,0.000310364
0.0094492,0.000311677
0.00947099,0.000312995
0.00949283,0.000314318
0.00951471,0.000315647
0.00953665,0.000316981
0.00955864,0.000318321
0.00958068,0.000319666
0.00960277,0.000321016
0.00962491,0.000322372
0.0096471,0.000323734
0.00966935,0.000325101
0.00969164,0.000326473
0.00971399,0.000327852
0.00973638,0.000329235
0.00975883,0.000330625
0.00978133,0.00033202
0.00980389,0.00033342
0.00982649,0.000334826
0.00984915,0.000336238
0.00987186,0.000337656
0.00989462,0.000339079
0.00991743,0.000340509
0.0099403,0.000341944
0.00996322,0.000343384
0.00998619,0.000344831
0.0100092,0.000346283
0.0100323,0.000347742
0.0100554,0.000349206
0.0100786,0.000350676
0.0101018,0.000352152
0.0101251,0.000353634
0.0101485,0.000355122
0.0101719,0.000356616
0.0101953,0.000358116
0.0102188,0.000359622
0.0102424,0.000361134
0.010266,0.000362653
0.0102897,0.000364177
0.0103134,0.000365707
0.0103372,0.000367244
0.010361,0.000368787
0.0103849,0.000370336
0.0104089,0.000371891
0.0104329,0.000373453
0.0104569,0.000375021
0.010481,0.000376595
0.0105052,0.000378175
0.0105294,0.000379762
0.0105537,0.000381355
0.010578,0.000382955
0.0106024,0.000384561
0.0106269,0.000386173
0.0106514,0.000387792
0.0106759,0.000389418
0.0107005,0.00039105
0.0107252,0.000392688
0.0107499,0.000394333
0.0107747,0.000395985
0.0107996,0.000397643
0.0108245,0.000399308
0.0108494,0.00040098
0.0108744,0.000402658
0.0108995,0.000404343
0.0109247,0.000406035
0.0109498,0.000407733
0.0109751,0.000409439
0.0110004,0.000411151
0.0110258,0.00041287
0.0110512,0.000414595
0.0110767,0.000416328
0.0111022,0.000418068
0.0111278,0.000419814
0.0111535,0.000421568
0.0111792,0.000423329
0.0112049,0.000425096
0.0112308,0.000426871
0.0112567,0.000428652
0.0112826,0.000430441
0.0113086,0.000432237
0.0113347,0.00043404
0.0113609,0.000435851
0.0113871,0.000437668
0.0114133,0.000439493
0.0114396,0.000441325
0.011466,0.000443164
0.0114924,0.000445011
0.0115189,0.000446865
0.0115455,0.000448726
0.0115721,0.000450595
0.0115988,0.000452471
0.0116255,0.000454354
0.0116523,0.000456245
0.0116792,0.000458144
0.0117061,0.00046005
0.0117331,0.000461964
0.0117602,0.000463885
0.0117873,0.000465814
0.0118145,0.00046775
0.0118417,0.000469694
0.011869,0.000471646
0.0118964,0.000473606
0.0119238,0.000475573
0.0119513,0.000477548
0.0119789,0.000479531
0.0120065,0.000481522
0.0120342,0.000483521
0.0120619,0.000485527
0.0120897,0.000487542
0.0121176,0.000489564
0.0121455,0.000491595
0.0121735,0.000493633
0.0122016,0.00049568
0.0122297,0.000497734
0.0122579,0.000499797
0.0122862,0.000501868
0.0123145,0.000503947
0.0123429,0.000506034
0.0123714,0.00050813
0.0123999,0.000510233
0.0124285,0.000512345
0.0124572,0.000514465
0.0124859,0.000516594
0.0125147,0.000518731
0.0125435,0.000520876
0.0125724,0.00052303
0.0126014,0.000525193
0.0126305,0.000527363
0.0126596,0.000529543
0.0126888,0.000531731
0.0127181,0.000533927
0.0127474,0.000536132
0.0127768,0.000538346
0.0128062,0.000540568
0.0128358,0.000542799
0.0128654,0.000545039
0.012895,0.000547288
0.0129248,0.000549545
0.0129546,0.000551812
0.0129844,0.000554087
0.0130144,0.000556371
0.0130444,0.000558664
0.0130744,0.000560966
0.0131046,0.000563277
0.0131348,0.000565597
0.0131651,0.000567926
0.0131954,0.000570264
0.0132259,0.000572611
0.0132564,0.000574968
0.0132869,0.000577333
0.0133176,0.000579708
0.0133483,0.000582092
0.0133791,0.000584486
0.0134099,0.000586889
0.0134408,0.000589301
0.0134718,0.000591722
0.0135029,0.000594153
0.013534,0.000596594
0.0135652,0.000599044
0.0135965,0.000601503
0.0136278,0.000603972
0.0136593,0.000606451
0.0136908,0.000608939
0.0137223,0.000611437
0.013754,0.000613944
0.0137857,0.000616462
0.0138175,0.000618989
0.0138493,0.000621526
0.0138812,0.000624072
0.0139133,0.000626629
0.0139453,0.000629195
0.0139775,0.000631772
0.0140097,0.000634358
0.014042,0.000636955
0.0140744,0.000639561
0.0141068,0.000642178
0.0141394,0.000644805
0.014172,0.000647441
0.0142046,0.000650089
0.0142374,0.000652746
0.0142702,0.000655413
0.0143031,0.000658091
0.0143361,0.000660779
0.0143692,0.000663478
0.0144023,0.000666187
0.0144355,0.000668906
0.0144688,0.000671636
0.0145021,0.000674377
0.0145356,0.000677128
0.0145691,0.000679889
0.0146027,0.000682661
0.0146364,0.000685444
0.0146701,0.000688238
0.0147039,0.000691042
0.0147378,0.000693857
0.0147718,0.000696683
0.0148059,0.00069952
0.01484,0.000702368
0.0148742,0.000705226
0.0149085,0.000708096
0.0149429,0.000710976
0.0149774,0.000713868
0.0150119,0.000716771
0.0150465,0.000719685
0.0150812,0.00072261
0.015116,0.000725546
0.0151508,0.000728493
0.0151858,0.000731452
0.0152208,0.000734422
0.0152559,0.000737403
0.015291,0.000740396
0.0153263,0.0007434
0.0153616,0.000746416
0.015397,0.000749443
0.0154325,0.000752482
0.0154681,0.000755532
0.0155038,0.000758594
0.0155395,0.000761668
0.0155754,0.000764753
0.0156113,0.000767851
0.0156473,0.00077096
0.0156834,0.00077408
0.0157195,0.000777213
0.0157558,0.000780358
0.0157921,0.000783514
0.0158285,0.000786683
0.015865,0.000789863
0.0159016,0.000793056
0.0159382,0.000796261
0.015975,0.000799478
0.0160118,0.000802707
0.0160487,0.000805948
0.0160857,0.000809202
0.0161228,0.000812468
0.01616,0.000815747
0.0161973,0.000819038
0.0162346,0.000822341
0.0162721,0.000825657
0.0163096,0.000828985
0.0163472,0.000832326
0.0163849,0.00083568
0.0164226,0.000839046
0.0164605,0.000842425
0.0164985,0.000845817
0.0165365,0.000849221
0.0165746,0.000852639
0.0166128,0.000856069
0.0166512,0.000859512
0.0166895,0.000862969
0.016728,0.000866438
0.0167666,0.00086992
0.0168053,0.000873416
0.016844,0.000876924
0.0168828,0.000880446
0.0169218,0.000883981
0.0169608,0.000887529
0.0169999,0.000891091
0.0170391,0.000894666
0.0170784,0.000898255
0.0171178,0.000901857
0.0171572,0.000905472
0.0171968,0.000909101
0.0172364,0.000912744
0.0172762,0.0009164
0.017316,0.00092007
0.0173559,0.000923754
0.0173959,0.000927451
0.0174361,0.000931163
0.0174763,0.000934888
0.0175166,0.000938627
0.0175569,0.000942381
0.0175974,0.000946148
0.017638,0.000949929
0.0176787,0.000953724
0.0177194,0.000957534
0.0177603,0.000961358
0.0178012,0.000965196
0.0178423,0.000969048
0.0178834,0.000972915
0.0179247,0.000976796
0.017966,0.000980692
0.0180074,0.000984602
0.0180489,0.000988526
0.0180905,0.000992466
0.0181322,0.00099642
0.0181741,0.00100039
0.018216,0.00100437
0.018258,0.00100837
0.0183001,0.00101238
0.0183423,0.00101641
0.0183845,0.00102045
0.0184269,0.00102451
0.0184694,0.00102858
0.018512,0.00103267
0.0185547,0.00103677
0.0185975,0.00104089
0.0186404,0.00104503
0.0186833,0.00104918
0.0187264,0.00105334
0.0187696,0.00105752
0.0188129,0.00106171
0.0188562,0.00106592
0.0188997,0.00107015
0.0189433,0.00107439
0.018987,0.00107865
0.0190307,0.00108292
0.0190746,0.00108721
0.0191186,0.00109152
0.0191627,0.00109584
0.0192069,0.00110017
0.0192512,0.00110452
0.0192955,0.00110889
0.01934,0.00111328
0.0193846,0.00111768
0.0194293,0.00112209
0.0194741,0.00112653
0.019519,0.00113098
0.019564,0.00113544
0.0196091,0.00113992
0.0196544,0.00114442
0.0196997,0.00114894
0.0197451,0.00115347
0.0197906,0.00115801
0.0198362,0.00116258
0.019882,0.00116716
0.0199278,0.00117176
0.0199738,0.00117637
0.0200198,0.001181
0.020066,0.00118565
0.0201123,0.00119032
0.0201586,0.001195
0.0202051,0.0011997
0.0202517,0.00120442
0.0202984,0.00120915
0.0203452,0.0012139
0.0203921,0.00121867
0.0204391,0.00122346
0.0204862,0.00122826
0.0205335,0.00123308
0.0205808,0.00123792
0.0206283,0.00124278
0.0206758,0.00124765
0.0207235,0.00125254
0.0207713,0.00125745
0.0208192,0.00126238
0.0208672,0.00126732
0.0209153,0.00127228
0.0209635,0.00127726
0.0210119,0.00128226
0.0210603,0.00128728
0.0211089,0.00129231
0.0211575,0.00129737
0.0212063,0.00130244
0.0212552,0.00130753
0.0213042,0.00131264
0.0213533,0.00131776
0.0214026,0.00132291
0.0214519,0.00132807
0.0215014,0.00133325
0.021551,0.00133845
0.0216007,0.00134367
0.0216505,0.00134891
0.0217004,0.00135417
0.0217504,0.00135945
0.0218006,0.00136474
0.0218508,0.00137006
0.0219012,0.00137539
0.0219517,0.00138074
0.0220023,0.00138611
0.0220531,0.00139151
0.0221039,0.00139692
0.0221549,0.00140235
0.0222059,0.0014078
0.0222571,0.00141326
0.0223085,0.00141875
0.0223599,0.00142426
0.0224115,0.00142979
0.0224631,0.00143534
0.0225149,0.0014409
0.0225668,0.00144649
0.0226189,0.0014521
0.022671,0.00145773
0.0227233,0.00146337
0.0227757,0.00146904
0.0228282,0.00147473
0.0228808,0.00148044
0.0229336,0.00148617
0.0229865,0.00149192
0.0230395,0.00149769
0.0230926,0.00150348
0.0231458,0.00150929
0.0231992,0.00151512
0.0232527,0.00152097
0.0233063,0.00152684
0.02336,0.00153274
0.0234139,0.00153865
0.0234679,0.00154459
0.023522,0.00155054
0.0235762,0.00155652
0.0236306,0.00156252
0.0236851,0.00156854
0.0237397,0.00157458
0.0237944,0.00158064
0.0238493,0.00158673
0.0239043,0.00159283
0.0239594,0.00159896
0.0240146,0.00160511
0.02407,0.00161128
0.0241255,0.00161747
0.0241811,0.00162368
0.0242369,0.00162992
0.0242928,0.00163618
0.0243488,0.00164246
0.0244049,0.00164876
0.0244612,0.00165508
0.0245176,0.00166143
0.0245741,0.0016678
0.0246308,0.00167419
0.0246876,0.0016806
0.0247445,0.00168704
0.0248016,0.00169349
0.0248587,0.00169998
0.0249161,0.00170648
0.0249735,0.00171301
0.0250311,0.00171955
0.0250888,0.00172613
0.0251466,0.00173272
0.0252046,0.00173934
0.0252627,0.00174598
0.025321,0.00175264
0.0253794,0.00175933
0.0254379,0.00176604
0.0254965,0.00177278
0.0255553,0.00177953
0.0256143,0.00178631
0.0256733,0.00179312
0.0257325,0.00179995
0.0257918,0.0018068
0.0258513,0.00181368
0.0259109,0.00182058
0.0259707,0.0018275
0.0260305,0.00183445
0.0260906,0.00184142
0.0261507,0.00184841
0.026211,0.00185544
0.0262714,0.00186248
0.026332,0.00186955
0.0263927,0.00187664
0.0264536,0.00188376
0.0265146,0.0018909
0.0265757,0.00189807
0.026637,0.00190526
0.0266984,0.00191248
0.02676,0.00191972
0.0268217,0.00192699
0.0268835,0.00193428
0.0269455,0.0019416
0.0270076,0.00194894
0.0270699,0.00195631
0.0271323,0.0019637
0.0271949,0.00197112
0.0272576,0.00197856
0.0273204,0.00198603
0.0273834,0.00199353
0.0274465,0.00200105
0.0275098,0.00200859
0.0275733,0.00201617
0.0276368,0.00202377
0.0277006,0.00203139
0.0277644,0.00203904
0.0278284,0.00204672
0.0278926,0.00205442
0.0279569,0.00206215
0.0280214,0.00206991
0.028086,0.00207769
0.0281507,0.0020855
0.0282157,0.00209334
0.0282807,0.0021012
0.0283459,0.00210909
0.0284113,0.002117
0.0284768,0.00212495
0.0285424,0.00213292
0.0286083,0.00214092
0.0286742,0.00214894
0.0287403,0.00215699
0.0288066,0.00216507
0.028873,0.00217318
0.0289396,0.00218132
0.0290063,0.00218948
0.0290732,0.00219767
0.0291402,0.00220589
0.0292074,0.00221413
0.0292748,0.00222241
0.0293423,0.00223071
0.0294099,0.00223904
0.0294777,0.0022474
0.0295457,0.00225579
0.0296138,0.0022642
0.0296821,0.00227265
0.0297505,0.00228112
0.0298191,0.00228962
0.0298879,0.00229815
0.0299568,0.00230671
0.0300259,0.0023153
0.0300951,0.00232391
0.0301645,0.00233256
0.030234,0.00234123
0.0303037,0.00234994
0.0303736,0.00235867
0.0304436,0.00236743
0.0305138,0.00237623
0.0305842,0.00238505
0.0306547,0.0023939
0.0307254,0.00240278
0.0307962,0.00241169
0.0308672,0.00242063
0.0309384,0.00242961
0.0310098,0.00243861
0.0310813,0.00244764
0.0311529,0.0024567
0.0312247,0.0024658
0.0312967,0.00247492
0.0313689,0.00248407
0.0314412,0.00249326
0.0315137,0.00250247
0.0315864,0.00251172
0.0316592,0.002521
0.0317322,0.0025303
0.0318054,0.00253964
0.0318787,0.00254901
0.0319522,0.00255842
0.0320259,0.00256785
0.0320997,0.00257731
0.0321737,0.00258681
0.0322479,0.00259634
0.0323223,0.0026059
0.0323968,0.00261549
0.0324715,0.00262512
0.0325464,0.00263477
0.0326214,0.00264446
0.0326966,0.00265418
0.032772,0.00266393
0.0328476,0.00267372
0.0329233,0.00268354
0.0329992,0.00269339
0.0330753,0.00270327
0.0331516,0.00271319
0.033228,0.00272314
0.0333046,0.00273312
0.0333814,0.00274314
0.0334584,0.00275318
0.0335355,0.00276327
0.0336128,0.00277338
0.0336903,0.00278353
0.033768,0.00279371
0.0338459,0.00280393
0.0339239,0.00281418
0.0340021,0.00282447
0.0340805,0.00283478
0.0341591,0.00284514
0.0342379,0.00285552
0.0343168,0.00286595
0.0343959,0.0028764
0.0344753,0.00288689
0.0345547,0.00289742
0.0346344,0.00290798
0.0347143,0.00291857
0.0347943,0.0029292
0.0348745,0.00293987
0.034955,0.00295057
0.0350355,0.0029613
0.0351163,0.00297207
0.0351973,0.00298288
0.0352785,0.00299372
0.0353598,0.0030046
0.0354413,0.00301551
0.035523,0.00302646
0.0356049,0.00303745
0.035687,0.00304847
0.0357693,0.00305953
0.0358518,0.00307062
0.0359345,0.00308175
0.0360173,0.00309292
0.0361004,0.00310412
0.0361836,0.00311536
0.036267,0.00312664
0.0363506,0.00313796
0.0364345,0.00314931
0.0365185,0.0031607
0.0366027,0.00317213
0.0366871,0.00318359
0.0367716,0.00319509
0.0368564,0.00320663
0.0369414,0.00321821
0.0370266,0.00322982
0.037112,0.00324148
0.0371975,0.00325317
0.0372833,0.0032649
0.0373693,0.00327667
0.0374554,0.00328848
0.0375418,0.00330032
0.0376283,0.00331221
0.0377151,0.00332413
0.0378021,0.00333609
0.0378892,0.00334809
0.0379766,0.00336013
0.0380641,0.00337221
0.0381519,0.00338433
0.0382399,0.00339649
0.038328,0.00340869
0.0384164,0.00342093
0.038505,0.00343321
0.0385938,0.00344553
0.0386828,0.00345789
0.038772,0.00347029
0.0388614,0.00348273
0.038951,0.00349521
0.0390408,0.00350773
0.0391308,0.00352029
0.039221,0.0035329
0.0393114,0.00354554
0.0394021,0.00355823
0.0394929,0.00357095
0.039584,0.00358372
0.0396753,0.00359653
0.0397667,0.00360938
0.0398584,0.00362228
0.0399503,0.00363521
0.0400424,0.00364819
0.0401348,0.00366121
0.0402273,0.00367427
0.0403201,0.00368738
0.040413,0.00370052
0.0405062,0.00371372
0.0405996,0.00372695
0.0406932,0.00374023
0.040787,0.00375354
0.0408811,0.00376691
0.0409753,0.00378031
0.0410698,0.00379376
0.0411645,0.00380726
0.0412594,0.0038208
0.0413546,0.00383438
0.0414499,0.003848
0.0415455,0.00386167
0.0416413,0.00387539
0.0417373,0.00388915
0.0418335,0.00390295
0.04193,0.0039168
0.0420266,0.0039307
0.0421235,0.00394464
0.0422207,0.00395862
0.042318,0.00397265
0.0424156,0.00398672
0.0425134,0.00400085
0.0426114,0.00401501
0.0427097,0.00402923
0.0428081,0.00404349
0.0429068,0.00405779
0.0430058,0.00407214
0.0431049,0.00408654
0.0432043,0.00410099
0.0433039,0.00411548
0.0434038,0.00413002
0.0435039,0.00414461
0.0436042,0.00415924
0.0437047,0.00417392
0.0438055,0.00418865
0.0439065,0.00420343
0.0440077,0.00421826
0.0441092,0.00423313
0.0442109,0.00424805
0.0443128,0.00426302
0.044415,0.00427804
0.0445174,0.00429311
0.04462,0.00430823
0.0447229,0.00432339
0.044826,0.00433861
0.0449294,0.00435387
0.045033,0.00436919
0.0451368,0.00438455
0.0452409,0.00439996
0.0453452,0.00441543
0.0454498,0.00443094
0.0455545,0.00444651
0.0456596,0.00446212
0.0457649,0.00447779
0.0458704,0.0044935
0.0459761,0.00450927
0.0460821,0.00452509
0.0461884,0.00454096
0.0462949,0.00455689
0.0464016,0.00457286
0.0465086,0.00458889
0.0466159,0.00460496
0.0467233,0.0046211
0.0468311,0.00463728
0.0469391,0.00465351
0.0470473,0.0046698
0.0471558,0.00468614
0.0472645,0.00470254
0.0473735,0.00471899
0.0474827,0.00473549
0.0475922,0.00475205
0.0477019,0.00476866
0.0478119,0.00478532
0.0479221,0.00480204
0.0480326,0.00481881
0.0481434,0.00483564
0.0482544,0.00485252
0.0483656,0.00486946
0.0484772,0.00488645
0.0485889,0.0049035
0.048701,0.0049206
0.0488132,0.00493776
0.0489258,0.00495498
0.0490386,0.00497225
0.0491517,0.00498957
0.049265,0.00500696
0.0493786,0.0050244
0.0494924,0.0050419
0.0496066,0.00505945
0.0497209,0.00507707
0.0498356,0.00509474
0.0499505,0.00511247
0.0500657,0.00513025
0.0501811,0.0051481
0.0502968,0.005166
0.0504128,0.00518396
0.050529,0.00520198
0.0506455,0.00522006
0.0507623,0.0052382
0.0508793,0.0052564
0.0509966,0.00527466
0.0511142,0.00529297
0.0512321,0.00531135
0.0513502,0.00532979
0.0514686,0.00534829
0.0515873,0.00536685
0.0517062,0.00538547
0.0518254,0.00540415
0.0519449,0.00542289
0.0520647,0.0054417
0.0521847,0.00546056
0.0523051,0.00547949
0.0524257,0.00549848
0.0525465,0.00551753
0.0526677,0.00553665
0.0527891,0.00555583
0.0529108,0.00557507
0.0530328,0.00559438
0.0531551,0.00561374
0.0532777,0.00563318
0.0534005,0.00565267
0.0535236,0.00567224
0.0536471,0.00569186
0.0537708,0.00571155
0.0538947,0.00573131
0.054019,0.00575113
0.0541435,0.00577102
0.0542684,0.00579097
0.0543935,0.00581099
0.0545189,0.00583107
0.0546446,0.00585122
0.0547706,0.00587144
0.0548969,0.00589173
0.0550235,0.00591208
0.0551504,0.0059325
0.0552775,0.00595299
0.055405,0.00597354
0.0555327,0.00599417
0.0556608,0.00601486
0.0557891,0.00603562
0.0559177,0.00605645
0.0560467,0.00607735
0.0561759,0.00609832
0.0563054,0.00611936
0.0564352,0.00614047
0.0565654,0.00616165
0.0566958,0.0061829
0.0568265,0.00620422
0.0569575,0.00622561
0.0570889,0.00624707
0.0572205,0.00626861
0.0573524,0.00629022
0.0574847,0.0063119
0.0576172,0.00633365
0.05775,0.00635547
0.0578832,0.00637737
0.0580167,0.00639934
0.0581504,0.00642139
0.0582845,0.00644351
0.0584189,0.0064657
0.0585536,0.00648797
0.0586886,0.00651031
0.0588239,0.00653273
0.0589595,0.00655522
0.0590955,0.00657779
0.0592317,0.00660044
0.0593683,0.00662316
0.0595052,0.00664596
0.0596424,0.00666883
0.0597799,0.00669179
0.0599178,0.00671482
0.0600559,0.00673792
0.0601944,0.00676111
0.0603332,0.00678437
0.0604723,0.00680771
0.0606117,0.00683114
0.0607515,0.00685464
0.0608915,0.00687822
0.0610319,0.00690188
0.0611727,0.00692562
0.0613137,0.00694944
0.0614551,0.00697335
0.0615968,0.00699733
0.0617388,0.00702139
0.0618811,0.00704554
0.0620238,0.00706977
0.0621668,0.00709408
0.0623102,0.00711848
0.0624538,0.00714296
0.0625978,0.00716752
0.0627422,0.00719217
0.0628868,0.0072169
0.0630318,0.00724171
0.0631772,0.00726661
0.0633228,0.0072916
0.0634688,0.00731667
0.0636152,0.00734183
0.0637619,0.00736707
0.0639089,0.0073924
0.0640562,0.00741782
0.0642039,0.00744332
0.064352,0.00746891
0.0645003,0.00749459
0.064649,0.00752036
0.0647981,0.00754622
0.0649475,0.00757217
0.0650973,0.0075982
0.0652474,0.00762433
0.0653978,0.00765055
0.0655486,0.00767685
0.0656997,0.00770325
0.0658512,0.00772974
0.066003,0.00775632
0.0661552,0.007783
0.0663078,0.00780977
0.0664606,0.00783663
0.0666139,0.00786358
0.0667675,0.00789063
0.0669214,0.00791777
0.0670757,0.007945
0.0672304,0.00797233
0.0673854,0.00799976
0.0675408,0.00802728
0.0676965,0.0080549
0.0678526,0.00808261
0.068009,0.00811042
0.0681658,0.00813833
0.068323,0.00816634
0.0684805,0.00819445
0.0686384,0.00822265
0.0687967,0.00825095
0.0689553,0.00827935
0.0691143,0.00830785
0.0692737,0.00833646
0.0694334,0.00836516
0.0695935,0.00839396
0.0697539,0.00842287
0.0699148,0.00845188
0.070076,0.00848099
0.0702375,0.0085102
0.0703995,0.00853952
0.0705618,0.00856894
0.0707245,0.00859846
0.0708876,0.00862809
0.071051,0.00865783
0.0712148,0.00868767
0.071379,0.00871761
0.0715436,0.00874766
0.0717086,0.00877782
0.0718739,0.00880809
0.0720396,0.00883846
0.0722057,0.00886895
0.0723722,0.00889954
0.0725391,0.00893024
0.0727063,0.00896105
0.072874,0.00899197
0.073042,0.00902301
0.0732104,0.00905415
0.0733792,0.0090854
0.0735484,0.00911677
0.073718,0.00914825
0.073888,0.00917984
0.0740583,0.00921155
0.0742291,0.00924337
0.0744002,0.00927531
0.0745718,0.00930736
0.0747437,0.00933952
0.0749161,0.0093718
0.0750888,0.0094042
0.0752619,0.00943672
0.0754355,0.00946935
0.0756094,0.00950211
0.0757837,0.00953498
0.0759585,0.00956797
0.0761336,0.00960108
0.0763091,0.00963431
0.0764851,0.00966766
0.0766614,0.00970113
0.0768382,0.00973473
0.0770154,0.00976844
0.0771929,0.00980228
0.0773709,0.00983625
0.0775493,0.00987034
0.0777281,0.00990455
0.0779073,0.00993889
0.078087,0.00997335
0.078267,0.0100079
0.0784475,0.0100427
0.0786283,0.0100775
0.0788096,0.0101125
0.0789913,0.0101476
0.0791735,0.0101828
0.079356,0.0102182
0.079539,0.0102537
0.0797224,0.0102893
0.0799062,0.010325
0.0800904,0.0103609
0.0802751,0.0103969
0.0804602,0.0104331
0.0806457,0.0104694
0.0808317,0.0105058
0.081018,0.0105423
0.0812048,0.010579
0.0813921,0.0106159
0.0815797,0.0106528
0.0817678,0.0106899
0.0819564,0.0107272
0.0821453,0.0107645
0.0823347,0.0108021
0.0825246,0.0108397
0.0827149,0.0108775
0.0829056,0.0109155
0.0830967,0.0109535
0.0832883,0.0109918
0.0834804,0.0110301
0.0836728,0.0110686
0.0838658,0.0111073
0.0840591,0.0111461
0.084253,0.0111851
0.0844472,0.0112241
0.0846419,0.0112634
0.0848371,0.0113028
0.0850327,0.0113423
0.0852287,0.011382
0.0854253,0.0114218
0.0856222,0.0114618
0.0858196,0.011502
0.0860175,0.0115423
0.0862159,0.0115827
0.0864146,0.0116233
0.0866139,0.0116641
0.0868136,0.011705
0.0870138,0.011746
0.0872144,0.0117872
0.0874155,0.0118286
0.087617,0.0118701
0.087819,0.0119118
0.0880215,0.0119537
0.0882245,0.0119957
0.0884279,0.0120379
0.0886318,0.0120802
0.0888361,0.0121227
0.089041,0.0121653
0.0892463,0.0122082
0.0894521,0.0122512
0.0896583,0.0122943
0.089865,0.0123376
0.0900722,0.0123811
0.0902799,0.0124248
0.0904881,0.0124686
0.0906967,0.0125126
0.0909058,0.0125567
0.0911154,0.012601
0.0913255,0.0126455
0.0915361,0.0126902
0.0917471,0.012735
0.0919587,0.0127801
0.0921707,0.0128253
0.0923832,0.0128706
0.0925962,0.0129162
0.0928097,0.0129619
0.0930237,0.0130078
0.0932382,0.0130539
0.0934532,0.0131001
0.0936687,0.0131465
0.0938846,0.0131932
0.0941011,0.01324
0.0943181,0.0132869
0.0945355,0.0133341
0.0947535,0.0133814
0.094972,0.013429
0.095191,0.0134767
0.0954104,0.0135246
0.0956304,0.0135727
0.0958509,0.013621
0.0960719,0.0136695
0.0962934,0.0137181
0.0965155,0.013767
0.096738,0.013816
0.0969611,0.0138653
0.0971846,0.0139147
0.0974087,0.0139643
0.0976333,0.0140141
0.0978584,0.0140642
0.098084,0.0141144
0.0983102,0.0141648
0.0985369,0.0142154
0.0987641,0.0142662
0.0989918,0.0143172
0.09922,0.0143685
0.0994488,0.0144199
0.0996781,0.0144715
0.0999079,0.0145233
0.100138,0.0145754
0.100369,0.0146276
0.100601,0.0146801
0.100833,0.0147327
0.101065,0.0147856
0.101298,0.0148387
0.101532,0.014892
0.101766,0.0149455
0.102,0.0149992
0.102236,0.0150532
0.102471,0.0151073
0.102708,0.0151617
0.102944,0.0152163
0.103182,0.0152711
0.10342,0.0153261
0.103658,0.0153813
0.103897,0.0154368
0.104137,0.0154925
0.104377,0.0155484
0.104617,0.0156046
0.104859,0.0156609
0.1051,0.0157175
0.105343,0.0157743
0.105586,0.0158314
0.105829,0.0158887
0.106073,0.0159462
0.106318,0.0160039
0.106563,0.0160619
0.106808,0.0161201
0.107055,0.0161786
0.107302,0.0162373
0.107549,0.0162962
0.107797,0.0163553
0.108046,0.0164147
0.108295,0.0164744
0.108544,0.0165343
0.108795,0.0165944
0.109045,0.0166548
0.109297,0.0167154
0.109549,0.0167763
0.109801,0.0168374
0.110055,0.0168987
0.110308,0.0169604
0.110563,0.0170222
0.110818,0.0170843
0.111073,0.0171467
0.111329,0.0172093
0.111586,0.0172722
0.111843,0.0173354
0.112101,0.0173988
0.11236,0.0174624
0.112619,0.0175264
0.112878,0.0175905
0.113139,0.017655
0.113399,0.0177197
0.113661,0.0177847
0.113923,0.0178499
0.114186,0.0179154
0.114449,0.0179812
0.114713,0.0180473
0.114977,0.0181136
0.115242,0.0181802
0.115508,0.0182471
0.115774,0.0183142
0.116041,0.0183817
0.116309,0.0184494
0.116577,0.0185173
0.116846,0.0185856
0.117115,0.0186542
0.117385,0.018723
0.117656,0.0187921
0.117927,0.0188615
0.118199,0.0189312
0.118472,0.0190012
0.118745,0.0190715
0.119019,0.019142
0.119293,0.0192129
0.119568,0.019284
0.119844,0.0193555
0.12012,0.0194272
0.120397,0.0194993
0.120675,0.0195716
0.120953,0.0196443
0.121232,0.0197172
0.121511,0.0197905
0.121792,0.019864
0.122072,0.0199379
0.122354,0.0200121
0.122636,0.0200866
0.122919,0.0201613
0.123202,0.0202365
0.123486,0.0203119
0.123771,0.0203876
0.124056,0.0204637
0.124342,0.02054
0.124629,0.0206167
0.124916,0.0206937
0.125204,0.0207711
0.125493,0.0208487
0.125782,0.0209267
0.126072,0.021005
0.126363,0.0210837
0.126654,0.0211627
0.126946,0.021242
0.127239,0.0213216
0.127533,0.0214016
0.127827,0.0214819
0.128121,0.0215625
0.128417,0.0216435
0.128713,0.0217249
0.12901,0.0218065
0.129307,0.0218886
0.129605,0.0219709
0.129904,0.0220536
0.130204,0.0221367
0.130504,0.0222201
0.130805,0.0223039
0.131106,0.022388
0.131409,0.0224725
0.131712,0.0225573
0.132015,0.0226425
0.13232,0.022728
0.132625,0.0228139
0.132931,0.0229002
0.133237,0.0229869
0.133544,0.0230739
0.133852,0.0231613
0.134161,0.023249
0.13447,0.0233371
0.13478,0.0234256
0.135091,0.0235145
0.135402,0.0236037
0.135715,0.0236934
0.136028,0.0237834
0.136341,0.0238738
0.136656,0.0239646
0.136971,0.0240557
0.137286,0.0241473
0.137603,0.0242392
0.13792,0.0243315
0.138238,0.0244243
0.138557,0.0245174
0.138876,0.0246109
0.139197,0.0247048
0.139518,0.0247991
0.139839,0.0248939
0.140162,0.024989
0.140485,0.0250845
0.140809,0.0251805
0.141133,0.0252768
0.141459,0.0253736
0.141785,0.0254707
0.142112,0.0255683
0.14244,0.0256663
0.142768,0.0257648
0.143097,0.0258636
0.143427,0.0259629
0.143758,0.0260626
0.144089,0.0261627
0.144422,0.0262632
0.144755,0.0263642
0.145088,0.0264656
0.145423,0.0265675
0.145758,0.0266698
0.146094,0.0267725
0.146431,0.0268757
0.146769,0.0269793
0.147107,0.0270833
0.147446,0.0271878
0.147786,0.0272928
0.148127,0.0273982
0.148469,0.027504
0.148811,0.0276103
0.149154,0.0277171
0.149498,0.0278243
0.149843,0.027932
0.150188,0.0280401
0.150534,0.0281487
0.150881,0.0282578
0.151229,0.0283674
0.151578,0.0284774
0.151927,0.0285879
0.152278,0.0286989
0.152629,0.0288103
0.152981,0.0289222
0.153334,0.0290346
0.153687,0.0291475
0.154041,0.0292609
0.154397,0.0293748
0.154753,0.0294891
0.155109,0.029604
0.155467,0.0297193
0.155825,0.0298352
0.156185,0.0299515
0.156545,0.0300684
0.156906,0.0301857
0.157268,0.0303036
0.15763,0.030422
0.157994,0.0305408
0.158358,0.0306602
0.158723,0.0307801
0.159089,0.0309006
0.159456,0.0310215
0.159824,0.031143
0.160192,0.031265
0.160561,0.0313875
0.160932,0.0315105
0.161303,0.0316341
0.161675,0.0317582
0.162047,0.0318829
0.162421,0.0320081
0.162795,0.0321338
0.163171,0.0322601
0.163547,0.0323869
0.163924,0.0325143
0.164302,0.0326422
0.164681,0.0327707
0.165061,0.0328998
0.165441,0.0330294
0.165823,0.0331595
0.166205,0.0332902
0.166588,0.0334215
0.166972,0.0335534
0.167357,0.0336858
0.167743,0.0338188
0.16813,0.0339524
0.168518,0.0340865
0.168906,0.0342213
0.169296,0.0343566
0.169686,0.0344925
0.170077,0.034629
0.170469,0.0347661
0.170862,0.0349038
0.171256,0.0350421
0.171651,0.035181
0.172047,0.0353204
0.172444,0.0354605
0.172841,0.0356012
0.17324,0.0357425
0.173639,0.0358845
0.17404,0.036027
0.174441,0.0361702
0.174843,0.0363139
0.175246,0.0364583
0.17565,0.0366034
0.176055,0.036749
0.176461,0.0368953
0.176868,0.0370422
0.177276,0.0371898
0.177685,0.037338
0.178094,0.0374869
0.178505,0.0376364
0.178917,0.0377865
0.179329,0.0379373
0.179743,0.0380887
0.180157,0.0382409
0.180572,0.0383936
0.180989,0.0385471
0.181406,0.0387012
0.181824,0.0388559
0.182244,0.0390114
0.182664,0.0391675
0.183085,0.0393243
0.183507,0.0394817
0.18393,0.0396399
0.184354,0.0397988
0.184779,0.0399583
0.185205,0.0401185
0.185632,0.0402794
0.18606,0.0404411
0.186489,0.0406034
0.186919,0.0407664
0.18735,0.0409302
0.187782,0.0410946
0.188215,0.0412598
0.188649,0.0414257
0.189084,0.0415923
0.18952,0.0417596
0.189957,0.0419277
0.190395,0.0420964
0.190834,0.042266
0.191274,0.0424362
0.191715,0.0426072
0.192157,0.042779
0.1926,0.0429514
0.193044,0.0431247
0.193489,0.0432987
0.193936,0.0434734
0.194383,0.0436489
0.194831,0.0438252
0.19528,0.0440022
0.19573,0.04418
0.196182,0.0443586
0.196634,0.0445379
0.197087,0.044718
0.197542,0.0448989
0.197997,0.0450806
0.198454,0.0452631
0.198911,0.0454464
0.19937,0.0456304
0.19983,0.0458153
0.20029,0.046001
0.200752,0.0461874
0.201215,0.0463747
0.201679,0.0465628
0.202144,0.0467517
0.20261,0.0469415
0.203077,0.047132
0.203546,0.0473234
0.204015,0.0475156
0.204485,0.0477087
0.204957,0.0479026
0.205429,0.0480973
0.205903,0.0482929
0.206378,0.0484893
0.206854,0.0486866
0.207331,0.0488847
0.207809,0.0490837
0.208288,0.0492835
0.208768,0.0494842
0.209249,0.0496858
0.209732,0.0498883
0.210215,0.0500916
0.2107,0.0502958
0.211186,0.0505009
0.211673,0.0507069
0.212161,0.0509138
0.21265,0.0511216
0.21314,0.0513303
0.213632,0.0515399
0.214124,0.0517503
0.214618,0.0519618
0.215113,0.0521741
0.215609,0.0523873
0.216106,0.0526015
0.216604,0.0528166
0.217104,0.0530326
0.217604,0.0532495
0.218106,0.0534674
0.218609,0.0536862
0.219113,0.053906
0.219618,0.0541268
0.220125,0.0543484
0.220632,0.0545711
0.221141,0.0547947
0.221651,0.0550193
0.222162,0.0552448
0.222674,0.0554713
0.223187,0.0556988
0.223702,0.0559273
0.224218,0.0561568
0.224735,0.0563872
0.225253,0.0566187
0.225772,0.0568511
0.226293,0.0570846
0.226815,0.057319
0.227338,0.0575545
0.227862,0.057791
0.228387,0.0580285
0.228914,0.058267
0.229442,0.0585066
0.229971,0.0587472
0.230501,0.0589888
0.231032,0.0592315
0.231565,0.0594752
0.232099,0.0597199
0.232634,0.0599658
0.23317,0.0602126
0.233708,0.0604606
0.234247,0.0607096
0.234787,0.0609597
0.235328,0.0612108
0.235871,0.0614631
0.236415,0.0617164
0.23696,0.0619708
0.237506,0.0622263
0.238054,0.0624829
0.238603,0.0627406
0.239153,0.0629994
0.239704,0.0632594
0.240257,0.0635204
0.240811,0.0637826
0.241366,0.0640458
0.241923,0.0643103
0.242481,0.0645758
0.24304,0.0648425
0.2436,0.0651103
0.244162,0.0653793
0.244725,0.0656495
0.245289,0.0659208
0.245854,0.0661932
0.246421,0.0664668
0.24699,0.0667416
0.247559,0.0670176
0.24813,0.0672948
0.248702,0.0675731
0.249275,0.0678526
0.24985,0.0681334
0.250426,0.0684153
0.251004,0.0686984
0.251582,0.0689828
0.252162,0.0692683
0.252744,0.0695551
0.253327,0.0698431
0.253911,0.0701324
0.254496,0.0704228
0.255083,0.0707145
0.255671,0.0710075
0.256261,0.0713017
0.256851,0.0715971
0.257444,0.0718939
0.258037,0.0721918
0.258632,0.0724911
0.259228,0.0727916
0.259826,0.0730934
0.260425,0.0733965
0.261026,0.0737009
0.261628,0.0740066
0.262231,0.0743136
0.262835,0.0746218
0.263441,0.0749314
0.264049,0.0752423
0.264658,0.0755546
0.265268,0.0758681
0.26588,0.076183
0.266493,0.0764992
0.267107,0.0768168
0.267723,0.0771357
0.26834,0.077456
0.268959,0.0777776
0.269579,0.0781006
0.270201,0.0784249
0.270824,0.0787506
0.271448,0.0790777
0.272074,0.0794062
0.272701,0.0797361
0.27333,0.0800674
0.27396,0.0804001
0.274592,0.0807341
0.275225,0.0810696
0.27586,0.0814065
0.276496,0.0817449
0.277133,0.0820846
0.277772,0.0824258
0.278413,0.0827685
0.279055,0.0831125
0.279698,0.0834581
0.280343,0.083805
0.280989,0.0841535
0.281637,0.0845034
0.282287,0.0848548
0.282937,0.0852076
0.28359,0.085562
0.284244,0.0859178
0.284899,0.0862752
0.285556,0.086634
0.286214,0.0869943
0.286874,0.0873562
0.287536,0.0877195
0.288199,0.0880844
0.288863,0.0884508
0.289529,0.0888188
0.290197,0.0891883
0.290866,0.0895594
0.291537,0.0899319
0.292209,0.0903061
0.292882,0.0906818
0.293558,0.0910591
0.294235,0.091438
0.294913,0.0918184
0.295593,0.0922005
0.296275,0.0925841
0.296958,0.0929694
0.297642,0.0933562
0.298329,0.0937446
0.299016,0.0941347
0.299706,0.0945264
0.300397,0.0949197
0.30109,0.0953147
0.301784,0.0957113
0.30248,0.0961096
0.303177,0.0965095
0.303876,0.096911
0.304577,0.0973143
0.305279,0.0977192
0.305983,0.0981258
0.306688,0.0985341
0.307396,0.098944
0.308104,0.0993557
0.308815,0.0997691
0.309527,0.100184
0.31024,0.100601
0.310956,0.101019
0.311673,0.10144
0.312391,0.101862
0.313112,0.102285
0.313834,0.102711
0.314557,0.103138
0.315282,0.103567
0.316009,0.103998
0.316738,0.10443
0.317468,0.104865
0.3182,0.105301
0.318934,0.105739
0.319669,0.106178
0.320406,0.10662
0.321145,0.107063
0.321886,0.107508
0.322628,0.107955
0.323372,0.108404
0.324117,0.108855
0.324865,0.109307
0.325614,0.109761
0.326364,0.110218
0.327117,0.110676
0.327871,0.111136
0.328627,0.111597
0.329385,0.112061
0.330144,0.112527
0.330905,0.112994
0.331668,0.113463
0.332433,0.113935
0.3332,0.114408
0.333968,0.114883
0.334738,0.11536
0.33551,0.115839
0.336283,0.11632
0.337059,0.116803
0.337836,0.117288
0.338615,0.117775
0.339396,0.118263
0.340178,0.118754
0.340962,0.119247
0.341749,0.119742
0.342537,0.120238
0.343326,0.120737
0.344118,0.121238
0.344911,0.12174
0.345707,0.122245
0.346504,0.122752
0.347303,0.123261
0.348103,0.123772
0.348906,0.124285
0.349711,0.1248
0.350517,0.125317
0.351325,0.125836
0.352135,0.126357
0.352947,0.126881
0.353761,0.127406
0.354576,0.127934
0.355394,0.128463
0.356213,0.128995
0.357035,0.129529
0.357858,0.130065
0.358683,0.130603
0.35951,0.131143
0.360339,0.131686
0.36117,0.13223
0.362003,0.132777
0.362837,0.133326
0.363674,0.133877
0.364512,0.134431
0.365353,0.134986
0.366195,0.135544
0.36704,0.136104
0.367886,0.136666
0.368734,0.13723
0.369584,0.137797
0.370436,0.138366
0.371291,0.138937
0.372147,0.13951
0.373005,0.140085
0.373865,0.140663
0.374727,0.141243
0.375591,0.141826
0.376457,0.14241
0.377325,0.142997
0.378195,0.143587
0.379067,0.144178
0.379941,0.144772
0.380817,0.145368
0.381695,0.145967
0.382575,0.146568
0.383457,0.147171
0.384341,0.147776
0.385227,0.148384
0.386116,0.148995
0.387006,0.149607
0.387898,0.150222
0.388793,0.15084
0.389689,0.15146
0.390588,0.152082
0.391488,0.152706
0.392391,0.153334
0.393295,0.153963
0.394202,0.154595
0.395111,0.155229
0.396022,0.155866
0.396935,0.156505
0.397851,0.157147
0.398768,0.157791
0.399687,0.158438
0.400609,0.159087
0.401533,0.159738
0.402458,0.160393
0.403386,0.161049
0.404316,0.161708
0.405249,0.16237
0.406183,0.163034
0.40712,0.163701
0.408058,0.16437
0.408999,0.165042
0.409942,0.165716
0.410887,0.166393
0.411835,0.167073
0.412784,0.167755
0.413736,0.168439
0.41469,0.169126
0.415646,0.169816
0.416604,0.170509
0.417565,0.171204
0.418528,0.171901
0.419493,0.172602
0.42046,0.173304
0.42143,0.17401
0.422401,0.174718
0.423375,0.175429
0.424351,0.176142
0.42533,0.176859
0.42631,0.177578
0.427293,0.178299
0.428279,0.179023
0.429266,0.17975
0.430256,0.18048
0.431248,0.181212
0.432242,0.181947
0.433239,0.182685
0.434238,0.183425
0.435239,0.184169
0.436242,0.184915
0.437248,0.185663
0.438256,0.186415
0.439267,0.187169
0.44028,0.187926
0.441295,0.188686
0.442312,0.189449
0.443332,0.190214
0.444354,0.190982
0.445379,0.191753
0.446406,0.192527
0.447435,0.193304
0.448467,0.194084
0.449501,0.194866
0.450537,0.195651
0.451576,0.196439
0.452617,0.19723
0.453661,0.198024
0.454707,0.19882
0.455755,0.19962
0.456806,0.200422
0.457859,0.201228
0.458915,0.202036
0.459973,0.202847
0.461034,0.203661
0.462097,0.204478
0.463162,0.205298
0.46423,0.20612
0.465301,0.206946
0.466373,0.207775
0.467449,0.208606
0.468526,0.209441
0.469607,0.210278
0.47069,0.211119
0.471775,0.211962
0.472863,0.212809
0.473953,0.213658
0.475046,0.214511
0.476141,0.215366
0.477239,0.216225
0.478339,0.217086
0.479442,0.217951
0.480548,0.218818
0.481656,0.219689
0.482766,0.220562
0.483879,0.221439
0.484995,0.222319
0.486113,0.223201
0.487234,0.224087
0.488357,0.224976
0.489483,0.225868
0.490612,0.226763
0.491743,0.227661
0.492877,0.228562
0.494013,0.229467
0.495152,0.230374
0.496294,0.231285
0.497438,0.232198
0.498585,0.233115
0.499735,0.234035
0.500887,0.234958
0.502042,0.235884
0.5032,0.236813
0.50436,0.237746
0.505523,0.238681
0.506688,0.23962
0.507857,0.240562
0.509028,0.241507
0.510201,0.242456
0.511378,0.243407
0.512557,0.244362
0.513739,0.24532
0.514923,0.246281
0.51611,0.247245
0.5173,0.248212
0.518493,0.249183
0.519689,0.250157
0.520887,0.251134
0.522088,0.252114
0.523292,0.253098
0.524498,0.254085
0.525707,0.255075
0.52692,0.256068
0.528135,0.257065
0.529352,0.258064
0.530573,0.259068
0.531796,0.260074
0.533022,0.261083
0.534251,0.262096
0.535483,0.263112
0.536718,0.264132
0.537955,0.265155
0.539196,0.266181
0.540439,0.26721
0.541685,0.268242
0.542934,0.269278
0.544186,0.270317
0.54544,0.27136
0.546698,0.272406
0.547959,0.273455
0.549222,0.274507
0.550488,0.275563
0.551758,0.276622
0.55303,0.277685
0.554305,0.27875
0.555583,0.279819
0.556864,0.280892
0.558148,0.281968
0.559435,0.283047
0.560725,0.284129
0.562018,0.285215
0.563313,0.286304
0.564612,0.287397
0.565914,0.288492
0.567219,0.289592
0.568527,0.290694
0.569838,0.2918
0.571152,0.29291
0.572468,0.294022
0.573788,0.295138
0.575111,0.296258
0.576437,0.297381
0.577766,0.298507
0.579099,0.299636
0.580434,0.300769
0.581772,0.301906
0.583114,0.303045
0.584458,0.304188
0.585806,0.305335
0.587156,0.306485
0.58851,0.307638
0.589867,0.308795
0.591227,0.309955
0.59259,0.311118
0.593957,0.312285
0.595326,0.313455
0.596699,0.314629
0.598075,0.315806
0.599454,0.316986
0.600836,0.31817
0.602221,0.319357
0.60361,0.320548
0.605001,0.321742
0.606396,0.32294
0.607794,0.32414
0.609196,0.325345
0.6106,0.326552
0.612008,0.327763
0.613419,0.328978
0.614834,0.330195
0.616251,0.331417
0.617672,0.332641
0.619097,0.333869
0.620524,0.335101
0.621955,0.336335
0.623389,0.337574
0.624826,0.338815
0.626267,0.34006
0.627711,0.341308
0.629158,0.34256
0.630609,0.343815
0.632063,0.345074
0.63352,0.346335
0.634981,0.347601
0.636445,0.348869
0.637912,0.350141
0.639383,0.351417
0.640857,0.352695
0.642335,0.353977
0.643816,0.355263
0.6453,0.356552
0.646788,0.357844
0.64828,0.359139
0.649774,0.360438
0.651273,0.36174
0.652774,0.363046
0.654279,0.364355
0.655788,0.365667
0.6573,0.366982
0.658815,0.368301
0.660334,0.369623
0.661857,0.370949
0.663383,0.372278
0.664913,0.37361
0.666446,0.374945
0.667982,0.376284
0.669522,0.377626
0.671066,0.378971
0.672613,0.38032
0.674164,0.381672
0.675719,0.383027
0.677277,0.384385
0.678838,0.385747
0.680404,0.387112
0.681972,0.38848
0.683545,0.389851
0.685121,0.391226
0.6867,0.392604
0.688284,0.393985
0.689871,0.395369
0.691461,0.396757
0.693056,0.398147
0.694654,0.399541
0.696255,0.400938
0.697861,0.402338
0.69947,0.403742
0.701083,0.405148
0.702699,0.406558
0.704319,0.407971
0.705943,0.409387
0.707571,0.410806
0.709202,0.412228
0.710838,0.413654
0.712477,0.415082
0.714119,0.416513
0.715766,0.417948
0.717416,0.419386
0.71907,0.420826
0.720728,0.42227
0.72239,0.423717
0.724056,0.425167
0.725725,0.42662
0.727398,0.428076
0.729076,0.429535
0.730757,0.430996
0.732442,0.432461
0.73413,0.433929
0.735823,0.4354
0.73752,0.436874
0.73922,0.43835
0.740924,0.43983
0.742633,0.441312
0.744345,0.442798
0.746061,0.444286
0.747782,0.445777
0.749506,0.447271
0.751234,0.448768
0.752966,0.450267
0.754702,0.45177
0.756442,0.453275
0.758186,0.454783
0.759934,0.456294
0.761687,0.457807
0.763443,0.459324
0.765203,0.460843
0.766967,0.462365
0.768736,0.463889
0.770508,0.465416
0.772285,0.466946
0.774066,0.468478
0.77585,0.470013
0.777639,0.471551
0.779432,0.473091
0.781229,0.474634
0.783031,0.47618
0.784836,0.477728
0.786646,0.479279
0.788459,0.480832
0.790277,0.482387
0.7921,0.483945
0.793926,0.485506
0.795756,0.487069
0.797591,0.488634
0.79943,0.490202
0.801273,0.491772
0.803121,0.493345
0.804973,0.49492
0.806829,0.496497
0.808689,0.498077
0.810554,0.499659
0.812423,0.501243
0.814296,0.50283
0.816173,0.504419
0.818055,0.50601
0.819941,0.507603
0.821832,0.509198
0.823727,0.510796
0.825626,0.512395
0.82753,0.513997
0.829438,0.515601
0.83135,0.517207
0.833267,0.518815
0.835188,0.520425
0.837114,0.522037
0.839044,0.523651
0.840979,0.525267
0.842918,0.526885
0.844861,0.528505
0.846809,0.530126
0.848762,0.53175
0.850719,0.533376
0.85268,0.535003
0.854646,0.536632
0.856617,0.538263
0.858592,0.539895
0.860571,0.54153
0.862556,0.543166
0.864545,0.544803
0.866538,0.546443
0.868536,0.548084
0.870538,0.549726
0.872546,0.55137
0.874557,0.553016
0.876574,0.554663
0.878595,0.556312
0.880621,0.557962
0.882651,0.559614
0.884686,0.561267
0.886726,0.562921
0.888771,0.564577
0.89082,0.566234
0.892874,0.567892
0.894933,0.569552
0.896996,0.571213
0.899064,0.572875
0.901137,0.574538
0.903215,0.576203
0.905298,0.577868
0.907385,0.579535
0.909477,0.581203
0.911574,0.582871
0.913676,0.584541
0.915783,0.586212
0.917894,0.587884
0.92001,0.589556
0.922132,0.59123
0.924258,0.592904
0.926389,0.594579
0.928525,0.596255
0.930666,0.597932
0.932812,0.599609
0.934962,0.601288
0.937118,0.602966
0.939279,0.604646
0.941445,0.606326
0.943615,0.608007
0.945791,0.609688
0.947972,0.611369
0.950157,0.613052
0.952348,0.614734
0.954544,0.616417
0.956745,0.6181
0.958951,0.619784
0.961162,0.621468
0.963378,0.623152
0.965599,0.624837
0.967826,0.626521
0.970057,0.628206
0.972294,0.629891
0.974536,0.631576
0.976783,0.633261
0.979035,0.634946
0.981292,0.636631
0.983555,0.638316
0.985823,0.640001
0.988096,0.641686
0.990374,0.643371
0.992657,0.645055
0.994946,0.64674
0.99724,0.648423
0.999539,0.650107
1.00184,0.65179
1.00415,0.653473
1.00647,0.655156
1.00879,0.656838
1.01112,0.658519
1.01345,0.6602
1.01578,0.661881
1.01813,0.663561
1.02047,0.66524
1.02283,0.666918
1.02518,0.668596
1.02755,0.670273
1.02992,0.671949
1.03229,0.673625
1.03467,0.675299
1.03706,0.676973
1.03945,0.678645
1.04185,0.680317
1.04425,0.681987
1.04666,0.683657
1.04907,0.685325
1.05149,0.686992
1.05391,0.688658
1.05634,0.690323
1.05878,0.691987
1.06122,0.693649
1.06367,0.69531
1.06612,0.696969
1.06858,0.698627
1.07104,0.700284
1.07351,0.701939
1.07599,0.703592
1.07847,0.705244
1.08095,0.706894
1.08345,0.708542
1.08594,0.710189
1.08845,0.711834
1.09096,0.713477
1.09347,0.715119
1.09599,0.716758
1.09852,0.718396
1.10105,0.720031
1.10359,0.721665
1.10614,0.723296
1.10869,0.724926
1.11124,0.726553
1.11381,0.728178
1.11637,0.729801
1.11895,0.731421
1.12153,0.733039
1.12411,0.734655
1.12671,0.736269
1.1293,0.73788
1.13191,0.739489
1.13452,0.741095
1.13713,0.742698
1.13975,0.744299
1.14238,0.745898
1.14502,0.747493
1.14766,0.749086
1.1503,0.750676
1.15296,0.752264
1.15561,0.753848
1.15828,0.75543
1.16095,0.757008
1.16363,0.758584
1.16631,0.760157
1.169,0.761726
1.17169,0.763293
1.17439,0.764856
1.1771,0.766417
1.17982,0.767974
1.18254,0.769527
1.18526,0.771078
1.188,0.772625
1.19074,0.774168
1.19348,0.775709
1.19623,0.777246
1.19899,0.778779
1.20176,0.780309
1.20453,0.781835
1.2073,0.783357
1.21009,0.784876
1.21288,0.786391
1.21567,0.787903
1.21848,0.78941
1.22129,0.790914
1.2241,0.792414
1.22692,0.79391
1.22975,0.795402
1.23259,0.79689
1.23543,0.798374
1.23828,0.799854
1.24113,0.80133
1.244,0.802802
1.24686,0.804269
1.24974,0.805733
1.25262,0.807192
1.25551,0.808646
1.2584,0.810097
1.26131,0.811543
1.26421,0.812984
1.26713,0.814422
1.27005,0.815854
1.27298,0.817282
1.27591,0.818706
1.27886,0.820125
1.2818,0.821539
1.28476,0.822949
1.28772,0.824354
1.29069,0.825754
1.29367,0.82715
1.29665,0.828541
1.29964,0.829927
1.30264,0.831307
1.30564,0.832684
1.30865,0.834055
1.31167,0.835421
1.31469,0.836782
1.31772,0.838138
1.32076,0.839489
1.32381,0.840835
1.32686,0.842175
1.32992,0.843511
1.33298,0.844841
1.33606,0.846166
1.33914,0.847486
1.34223,0.8488
1.34532,0.85011
1.34842,0.851413
1.35153,0.852712
1.35465,0.854005
1.35777,0.855292
1.3609,0.856574
1.36404,0.85785
1.36718,0.859121
1.37034,0.860387
1.3735,0.861646
1.37666,0.862901
1.37984,0.864149
1.38302,0.865392
1.38621,0.866629
1.3894,0.86786
1.39261,0.869086
1.39582,0.870306
1.39904,0.87152
1.40226,0.872728
1.4055,0.87393
1.40874,0.875126
1.41198,0.876317
1.41524,0.877501
1.4185,0.87868
1.42177,0.879852
1.42505,0.881019
1.42834,0.88218
1.43163,0.883334
1.43493,0.884483
1.43824,0.885625
1.44156,0.886761
1.44488,0.887892
1.44821,0.889016
1.45155,0.890134
1.4549,0.891245
1.45825,0.892351
1.46161,0.89345
1.46498,0.894543
1.46836,0.89563
1.47175,0.89671
1.47514,0.897785
1.47854,0.898853
1.48195,0.899914
1.48537,0.90097
1.48879,0.902019
1.49223,0.903062
1.49567,0.904098
1.49912,0.905128
1.50257,0.906151
1.50604,0.907169
1.50951,0.908179
1.51299,0.909184
1.51648,0.910182
1.51997,0.911173
1.52348,0.912158
1.52699,0.913137
1.53051,0.914109
1.53404,0.915075
1.53758,0.916034
1.54112,0.916987
1.54468,0.917933
1.54824,0.918873
1.55181,0.919806
1.55539,0.920733
1.55897,0.921653
1.56257,0.922567
1.56617,0.923474
1.56978,0.924375
1.5734,0.925269
1.57703,0.926156
1.58066,0.927038
1.58431,0.927912
1.58796,0.92878
1.59162,0.929642
1.59529,0.930497
1.59897,0.931346
1.60266,0.932188
1.60635,0.933023
1.61006,0.933852
1.61377,0.934675
1.61749,0.935491
1.62122,0.9363
1.62496,0.937103
1.6287,0.9379
1.63246,0.93869
1.63622,0.939474
1.64,0.940251
1.64378,0.941021
1.64757,0.941786
1.65137,0.942543
1.65517,0.943295
1.65899,0.94404
1.66282,0.944778
1.66665,0.94551
1.67049,0.946236
1.67434,0.946955
1.6782,0.947668
1.68207,0.948375
1.68595,0.949075
1.68984,0.949769
1.69374,0.950457
1.69764,0.951138
1.70156,0.951813
1.70548,0.952482
1.70941,0.953144
1.71335,0.9538
1.7173,0.95445
1.72126,0.955094
1.72523,0.955732
1.72921,0.956363
1.7332,0.956989
1.73719,0.957608
1.7412,0.958221
1.74521,0.958828
1.74924,0.959429
1.75327,0.960023
1.75731,0.960612
1.76136,0.961195
1.76543,0.961772
1.7695,0.962342
1.77358,0.962907
1.77767,0.963466
1.78176,0.964019
1.78587,0.964566
1.78999,0.965108
1.79412,0.965643
1.79825,0.966173
1.8024,0.966697
1.80656,0.967215
1.81072,0.967727
1.8149,0.968234
1.81908,0.968735
1.82327,0.969231
1.82748,0.96972
1.83169,0.970205
1.83592,0.970683
1.84015,0.971156
1.84439,0.971624
1.84864,0.972086
1.85291,0.972543
1.85718,0.972994
1.86146,0.97344
1.86575,0.97388
1.87005,0.974316
1.87437,0.974746
1.87869,0.97517
1.88302,0.97559
1.88736,0.976004
1.89171,0.976413
1.89608,0.976817
1.90045,0.977216
1.90483,0.977609
1.90922,0.977998
1.91362,0.978382
1.91804,0.978761
1.92246,0.979134
1.92689,0.979503
1.93133,0.979867
1.93579,0.980227
1.94025,0.980581
1.94472,0.980931
1.94921,0.981276
1.9537,0.981616
1.95821,0.981952
1.96272,0.982283
1.96725,0.982609
1.97178,0.982931
1.97633,0.983248
1.98089,0.983561
1.98545,0.983869
1.99003,0.984173
1.99462,0.984473
1.99922,0.984768
2.00383,0.985059
2.00845,0.985346
2.01308,0.985629
2.01772,0.985907
2.02237,0.986181
2.02704,0.986452
2.03171,0.986718
2.03639,0.98698
2.04109,0.987238
2.0458,0.987492
2.05051,0.987742
2.05524,0.987988
2.05998,0.988231
2.06473,0.988469
2.06949,0.988704
2.07426,0.988935
2.07904,0.989163
2.08384,0.989386
2.08864,0.989607
2.09346,0.989823
2.09828,0.990036
2.10312,0.990246
2.10797,0.990452
2.11283,0.990654
2.1177,0.990854
2.12259,0.991049
2.12748,0.991242
2.13239,0.991431
2.1373,0.991617
2.14223,0.9918
2.14717,0.99198
2.15212,0.992156
2.15708,0.99233
2.16206,0.9925
2.16704,0.992667
2.17204,0.992832
2.17705,0.992993
2.18207,0.993151
2.1871,0.993307
2.19214,0.99346
2.19719,0.99361
2.20226,0.993757
2.20734,0.993901
2.21243,0.994043
2.21753,0.994182
2.22264,0.994319
2.22777,0.994453
2.2329,0.994584
2.23805,0.994713
2.24321,0.994839
2.24838,0.994963
2.25357,0.995084
2.25876,0.995203
2.26397,0.99532
2.26919,0.995434
2.27442,0.995546
2.27967,0.995656
2.28492,0.995764
2.29019,0.995869
2.29547,0.995973
2.30077,0.996074
2.30607,0.996173
2.31139,0.99627
2.31672,0.996365
2.32206,0.996458
2.32741,0.996549
2.33278,0.996638
2.33816,0.996725
2.34355,0.99681
2.34895,0.996894
2.35437,0.996975
2.3598,0.997055
2.36524,0.997133
2.37069,0.99721
2.37616,0.997284
2.38164,0.997357
2.38713,0.997429
2.39263,0.997498
2.39815,0.997567
2.40368,0.997633
2.40922,0.997698
2.41477,0.997762
2.42034,0.997824
2.42592,0.997885
2.43152,0.997944
2.43712,0.998002
2.44274,0.998058
2.44837,0.998113
2.45402,0.998167
2.45968,0.99822
2.46535,0.998271
2.47103,0.998321
2.47673,0.99837
2.48244,0.998417
2.48816,0.998464
2.4939,0.998509
2.49965,0.998553
2.50542,0.998596
2.51119,0.998638
2.51698,0.998679
2.52279,0.998719
2.5286,0.998757
2.53443,0.998795
2.54028,0.998832
2.54613,0.998868
2.552,0.998903
2.55789,0.998937
2.56379,0.99897
2.5697,0.999002
2.57562,0.999033
2.58156,0.999064
2.58751,0.999093
2.59348,0.999122
2.59946,0.99915
2.60545,0.999177
2.61146,0.999204
2.61748,0.99923
2.62352,0.999255
2.62957,0.999279
2.63563,0.999303
2.64171,0.999326
2.6478,0.999348
2.6539,0.99937
2.66002,0.999391
2.66615,0.999411
2.6723,0.999431
2.67846,0.99945
2.68464,0.999469
2.69083,0.999487
2.69703,0.999505
2.70325,0.999522
2.70948,0.999539
2.71573,0.999555
2.72199,0.99957
2.72827,0.999585
2.73456,0.9996
2.74086,0.999614
2.74718,0.999628
2.75352,0.999641
2.75987,0.999654
2.76623,0.999667
2.77261,0.999679
2.779,0.99969
2.78541,0.999702
2.79183,0.999713
2.79827,0.999723
2.80472,0.999733
2.81119,0.999743
2.81767,0.999753
2.82417,0.999762
2.83068,0.999771
2.8372,0.99978
2.84375,0.999788
2.8503,0.999796
2.85687,0.999804
2.86346,0.999812
2.87006,0.999819
2.87668,0.999826
2.88331,0.999833
2.88996,0.99984
2.89663,0.999846
2.9033,0.999852
2.91,0.999858
2.91671,0.999864
2.92343,0.999869
2.93017,0.999874
2.93693,0.999879
2.9437,0.999884
2.95049,0.999889
2.95729,0.999894
2.96411,0.999898
2.97094,0.999902
2.97779,0.999906
2.98466,0.99991
2.99154,0.999914
2.99844,0.999918
3.00535,0.999921
3.01228,0.999925
3.01923,0.999928
3.02619,0.999931
3.03317,0.999934
3.04016,0.999937
3.04717,0.99994
3.0542,0.999942
3.06124,0.999945
3.0683,0.999947
3.07537,0.99995
3.08246,0.999952
3.08957,0.999954
3.09669,0.999956
3.10383,0.999958
3.11099,0.99996
3.11816,0.999962
3.12535,0.999963
3.13256,0.999965
3.13978,0.999967
3.14702,0.999968
3.15428,0.99997
3.16155,0.999971
3.16884,0.999973
3.17615,0.999974
3.18347,0.999975
3.19081,0.999976
3.19817,0.999977
3.20554,0.999979
3.21293,0.99998
3.22034,0.999981
3.22776,0.999982
3.23521,0.999982
3.24267,0.999983
3.25014,0.999984
3.25764,0.999985
3.26515,0.999986
3.27268,0.999986
3.28022,0.999987
3.28778,0.999988
3.29537,0.999988
3.30296,0.999989
3.31058,0.99999
3.31821,0.99999
3.32586,0.999991
3.33353,0.999991
3.34122,0.999992
3.34892,0.999992
3.35664,0.999992
3.36438,0.999993
3.37214,0.999993
3.37992,0.999994
3.38771,0.999994
3.39552,0.999994
3.40335,0.999995
3.4112,0.999995
3.41906,0.999995
3.42694,0.999995
3.43485,0.999996
3.44277,0.999996
3.4507,0.999996
3.45866,0.999996
3.46663,0.999997
3.47463,0.999997
3.48264,0.999997
3.49067,0.999997
3.49872,0.999997
3.50678,0.999997
3.51487,0.999998
3.52297,0.999998
3.5311,0.999998
3.53924,0.999998
3.5474,0.999998
3.55558,0.999998
3.56378,0.999998
3.57199,0.999998
3.58023,0.999998
3.58848,0.999999
3.59676,0.999999
3.60505,0.999999
3.61336,0.999999
3.62169,0.999999
3.63004,0.999999
3.63841,0.999999
3.6468,0.999999
3.65521,0.999999
3.66364,0.999999
3.67209,0.999999
3.68055,0.999999
3.68904,0.999999
3.69755,0.999999
3.70607,0.999999
3.71462,0.999999
3.72318,0.999999
3.73177,1
3.74037,1
3.74899,1
3.75764,1
3.7663,1
3.77499,1
3.78369,1
3.79241,1
3.80116,1
3.80992,1
3.81871,1
3.82751,1
3.83634,1
3.84518,1
3.85405,1
3.86293,1
3.87184,1
3.88077,1
3.88972,1
3.89869,1
3.90767,1
3.91668,1
3.92572,1
3.93477,1
3.94384,1
3.95293,1
3.96205,1
3.97118,1
3.98034,1
3.98952,1
3.99871,1
4.00793,1
4.01718,1
4.02644,1
4.03572,1
4.04503,1
4.05435,1
4.0637,1
4.07307,1
4.08246,1
4.09188,1
4.10131,1
4.11077,1
4.12024,1
4.12974,1
4.13927,1
4.14881,1
4.15838,1
4.16796,1
4.17757,1
4.18721,1
4.19686,1
4.20654,1
4.21624,1
4.22596,1
4.2357,1
4.24547,1
4.25526,1
4.26507,1
4.2749,1
4.28476,1
4.29464,1
4.30454,1
4.31447,1
4.32441,1
4.33438,1
4.34438,1
4.35439,1
4.36443,1
4.3745,1
4.38458,1
4.39469,1
4.40483,1
4.41498,1
4.42516,1
4.43537,1
4.44559,1
4.45584,1
4.46612,1
4.47641,1
4.48673,1
4.49708,1
4.50745,1
4.51784,1
4.52826,1
4.5387,1
4.54916,1
4.55965,1
4.57017,1
4.5807,1
4.59127,1
4.60185,1
4.61246,1
4.6231,1
4.63376,1
4.64444,1
4.65515,1
4.66588,1
4.67664,1
4.68742,1
4.69823,1
4.70906,1
4.71992,1
4.7308,1
4.74171,1
4.75265,1
4.7636,1
4.77459,1
4.7856,1
4.79663,1
4.80769,1
4.81877,1
4.82988,1
4.84102,1
4.85218,1
4.86337,1
4.87458,1
4.88582,1
4.89709,1
4.90838,1
4.9197,1
4.93104,1
4.94241,1
4.95381,1
4.96523,1
4.97668,1
4.98815,1
4.99965,1
5.01118,1
5.02273,1
5.03432,1
5.04592,1
5.05756,1
5.06922,1
5.08091,1
5.09262,1
5.10436,1
5.11613,1
5.12793,1
5.13975,1
5.1516,1
5.16348,1
5.17539,1
5.18732,1
5.19928,1
5.21127,1
5.22328,1
5.23533,1
5.2474,1
5.2595,1
5.27162,1
5.28378,1
5.29596,1
5.30817,1
5.32041,1
5.33268,1
5.34497,1
5.3573,1
5.36965,1
5.38203,1
5.39444,1
5.40688,1
5.41934,1
5.43184,1
5.44436,1
5.45692,1
5.4695,1
5.48211,1
5.49475,1
5.50742,1
5.52012,1
5.53285,1
5.5456,1
5.55839,1
5.57121,1
5.58405,1
5.59693,1
5.60983,1
5.62277,1
5.63573,1
5.64872,1
5.66175,1
5.6748,1
5.68789,1
5.701,1
5.71415,1
5.72732,1
5.74053,1
5.75376,1
5.76703,1
5.78033,1
5.79365,1
5.80701,1
5.8204,1
5.83382,1
5.84727,1
5.86076,1
5.87427,1
5.88781,1
5.90139,1
5.915,1
5.92863,1
5.9423,1
5.956,1
5.96974,1
5.9835,1
5.9973,1
6.01113,1
6.02499,1
6.03888,1
6.0528,1
6.06676,1
6.08074,1
6.09477,1
6.10882,1
6.1229,1
6.13702,1
6.15117,1
6.16535,1
6.17957,1
6.19382,1
6.2081,1
6.22241,1
6.23676,1
6.25114,1
6.26555,1
6.28,1
6.29448,1
6.30899,1
6.32354,1
6.33812,1
6.35273,1
6.36738,1
6.38206,1
6.39678,1
6.41153,1
6.42631,1
6.44113,1
6.45598,1
6.47086,1
6.48578,1
6.50074,1
6.51573,1
6.53075,1
6.54581,1
6.5609,1
6.57603,1
6.59119,1
6.60639,1
6.62162,1
6.63689,1
6.65219,1
6.66753,1
6.6829,1
6.69831,1
6.71375,1
6.72923,1
6.74475,1
6.7603,1
6.77589,1
6.79151,1
6.80717,1
6.82287,1
6.8386,1
6.85436,1
6.87017,1
6.88601,1
6.90189,1
6.9178,1
6.93375,1
6.94974,1
6.96576,1
6.98182,1
6.99792,1
7.01406,1
7.03023,1
7.04644,1
7.06268,1
7.07897,1
7.09529,1
7.11165,1
7.12805,1
7.14448,1
7.16096,1
7.17747,1
7.19402,1
7.2106,1
7.22723,1
7.24389,1
7.26059,1
7.27734,1
7.29411,1
7.31093,1
7.32779,1
7.34469,1
7.36162,1
7.37859,1
7.39561,1
7.41266,1
7.42975,1
7.44688,1
7.46405,1
7.48126,1
7.49851,1
7.5158,1
7.53313,1
7.5505,1
7.56791,1
7.58536,1
7.60285,1
7.62038,1
7.63795,1
7.65556,1
7.67321,1
7.6909,1
7.70863,1
7.72641,1
7.74422,1
7.76208,1
7.77997,1
7.79791,1
7.81589,1
7.83391,1
7.85198,1
7.87008,1
7.88823,1
7.90641,1
7.92464,1
7.94292,1
7.96123,1
7.97959,1
7.99799,1
8.01643,1
8.03491,1
8.05344,1
8.072,1
8.09062,1
8.10927,1
8.12797,1
8.14671,1
8.16549,1
8.18432,1
8.20319,1
8.2221,1
8.24106,1
8.26006,1
8.27911,1
8.2982,1
8.31733,1
8.33651,1
8.35573,1
8.375,1
8.39431,1
8.41366,1
8.43306,1
8.4525,1
8.47199,1
8.49153,1
8.51111,1
8.53073,1
8.5504,1
8.57011,1
8.58987,1
8.60968,1
8.62953,1
8.64943,1
8.66937,1
8.68936,1
8.7094,1
8.72948,1
8.7496,1
8.76978,1
8.79,1
8.81027,1
8.83058,1
8.85094,1
8.87135,1
8.8918,1
8.9123,1
8.93285,1
8.95345,1
8.97409,1
8.99479,1
9.01552,1
9.03631,1
9.05715,1
9.07803,1
9.09896,1
9.11994,1
9.14097,1
9.16204,1
9.18317,1
9.20434,1
9.22557,1
9.24684,1
9.26816,1
9.28953,1
9.31095,1
9.33241,1
9.35393,1
9.3755,1
9.39712,1
9.41878,1
9.4405,1
9.46227,1
9.48408,1
9.50595,1
9.52787,1
9.54984,1
9.57186,1
9.59393,1
9.61605,1
9.63822,1
9.66044,1
9.68272,1
9.70504,1
9.72742,1
9.74985,1
9.77233,1
9.79486,1
9.81744,1
9.84008,1
9.86277,1
9.88551,1
9.9083,1
9.93115,1
9.95405,1
9.977,1
10,1
